pkt arrival time,MACsrc,MACdst,APPID,GOOSElength,gocbRef,Timeallowedtolive,datset,goID,t,stNum,sqNum,simulation,confRev,ndsCom,num of data,data
1729038538.724560,20:17:01:16:f0:23,01:0c:cd:01:0c:01,0x3101,146,QUTZS_XFMR1PIOC/LLN0$GO$gcb_1,1100,QUTZS_XFMR1PIOC/LLN0$DS_XFMR,gcb_1,1729038538.72400,1,0,False,200,False,8,"[False, 0, True, 0, False, 0, True, 0]"
1729038539.667860,20:17:01:16:f0:23,01:0c:cd:01:0c:01,0x3101,146,QUTZS_XFMR1PIOC/LLN0$GO$gcb_1,1100,QUTZS_XFMR1PIOC/LLN0$DS_XFMR,gcb_1,1729038538.72400,1,1,False,200,False,8,"[False, 0, True, 0, False, 0, True, 0]"
1729038540.501114,20:17:01:16:f0:32,01:0c:cd:01:0c:02,0x3102,146,QUTZS_XFMR2PIOC/LLN0$GO$gcb_1,1100,QUTZS_XFMR2PIOC/LLN0$DS_XFMR,gcb_1,1729038540.52900,1,0,False,200,False,8,"[True, 0, False, 0, False, 0, True, 0]"
1729038540.589294,20:17:01:16:f0:23,01:0c:cd:01:0c:01,0x3101,146,QUTZS_XFMR1PIOC/LLN0$GO$gcb_1,1100,QUTZS_XFMR1PIOC/LLN0$DS_XFMR,gcb_1,1729038538.72400,1,2,False,200,False,8,"[False, 0, True, 0, False, 0, True, 0]"
1729038541.219545,20:17:01:16:f0:11,01:0c:cd:01:0c:03,0x3103,165,QUTZS_FDRPIOC/LLN0$GO$gcb_1,1100,QUTZS_FDRPIOC/LLN0$DS_FDR,gcb_1,1729038541.08600,1,0,False,200,False,14,"[False, 0, True, 0, False, 0, False, 0, False, 0, False, 0, False, 0]"
1729038541.423718,20:17:01:16:f0:32,01:0c:cd:01:0c:02,0x3102,146,QUTZS_XFMR2PIOC/LLN0$GO$gcb_1,1100,QUTZS_XFMR2PIOC/LLN0$DS_XFMR,gcb_1,1729038540.52900,1,1,False,200,False,8,"[True, 0, False, 0, False, 0, True, 0]"
1729038541.521663,20:17:01:16:f0:23,01:0c:cd:01:0c:01,0x3101,146,QUTZS_XFMR1PIOC/LLN0$GO$gcb_1,1100,QUTZS_XFMR1PIOC/LLN0$DS_XFMR,gcb_1,1729038538.72400,1,3,False,200,False,8,"[False, 0, True, 0, False, 0, True, 0]"
1729038542.161475,20:17:01:16:f0:11,01:0c:cd:01:0c:03,0x3103,165,QUTZS_FDRPIOC/LLN0$GO$gcb_1,1100,QUTZS_FDRPIOC/LLN0$DS_FDR,gcb_1,1729038541.08600,1,1,False,200,False,14,"[False, 0, True, 0, False, 0, False, 0, False, 0, False, 0, False, 0]"
1729038542.342545,20:17:01:16:f0:32,01:0c:cd:01:0c:02,0x3102,146,QUTZS_XFMR2PIOC/LLN0$GO$gcb_1,1100,QUTZS_XFMR2PIOC/LLN0$DS_XFMR,gcb_1,1729038540.52900,1,2,False,200,False,8,"[True, 0, False, 0, False, 0, True, 0]"
1729038542.448430,20:17:01:16:f0:23,01:0c:cd:01:0c:01,0x3101,146,QUTZS_XFMR1PIOC/LLN0$GO$gcb_1,1100,QUTZS_XFMR1PIOC/LLN0$DS_XFMR,gcb_1,1729038538.72400,1,4,False,200,False,8,"[False, 0, True, 0, False, 0, True, 0]"
1729038543.092766,20:17:01:16:f0:11,01:0c:cd:01:0c:03,0x3103,165,QUTZS_FDRPIOC/LLN0$GO$gcb_1,1100,QUTZS_FDRPIOC/LLN0$DS_FDR,gcb_1,1729038541.08600,1,2,False,200,False,14,"[False, 0, True, 0, False, 0, False, 0, False, 0, False, 0, False, 0]"
1729038543.272511,20:17:01:16:f0:32,01:0c:cd:01:0c:02,0x3102,146,QUTZS_XFMR2PIOC/LLN0$GO$gcb_1,1100,QUTZS_XFMR2PIOC/LLN0$DS_XFMR,gcb_1,1729038540.52900,1,3,False,200,False,8,"[True, 0, False, 0, False, 0, True, 0]"
1729038543.401154,20:17:01:16:f0:23,01:0c:cd:01:0c:01,0x3101,146,QUTZS_XFMR1PIOC/LLN0$GO$gcb_1,1100,QUTZS_XFMR1PIOC/LLN0$DS_XFMR,gcb_1,1729038538.72400,1,5,False,200,False,8,"[False, 0, True, 0, False, 0, True, 0]"
1729038544.013643,20:17:01:16:f0:11,01:0c:cd:01:0c:03,0x3103,165,QUTZS_FDRPIOC/LLN0$GO$gcb_1,1100,QUTZS_FDRPIOC/LLN0$DS_FDR,gcb_1,1729038541.08600,1,3,False,200,False,14,"[False, 0, True, 0, False, 0, False, 0, False, 0, False, 0, False, 0]"
1729038544.194326,20:17:01:16:f0:32,01:0c:cd:01:0c:02,0x3102,146,QUTZS_XFMR2PIOC/LLN0$GO$gcb_1,1100,QUTZS_XFMR2PIOC/LLN0$DS_XFMR,gcb_1,1729038540.52900,1,4,False,200,False,8,"[True, 0, False, 0, False, 0, True, 0]"
1729038544.316091,20:17:01:16:f0:23,01:0c:cd:01:0c:01,0x3101,146,QUTZS_XFMR1PIOC/LLN0$GO$gcb_1,1100,QUTZS_XFMR1PIOC/LLN0$DS_XFMR,gcb_1,1729038538.72400,1,6,False,200,False,8,"[False, 0, True, 0, False, 0, True, 0]"
1729038544.932709,20:17:01:16:f0:11,01:0c:cd:01:0c:03,0x3103,165,QUTZS_FDRPIOC/LLN0$GO$gcb_1,1100,QUTZS_FDRPIOC/LLN0$DS_FDR,gcb_1,1729038541.08600,1,4,False,200,False,14,"[False, 0, True, 0, False, 0, False, 0, False, 0, False, 0, False, 0]"
1729038545.125070,20:17:01:16:f0:32,01:0c:cd:01:0c:02,0x3102,146,QUTZS_XFMR2PIOC/LLN0$GO$gcb_1,1100,QUTZS_XFMR2PIOC/LLN0$DS_XFMR,gcb_1,1729038540.52900,1,5,False,200,False,8,"[True, 0, False, 0, False, 0, True, 0]"
1729038545.240909,20:17:01:16:f0:23,01:0c:cd:01:0c:01,0x3101,146,QUTZS_XFMR1PIOC/LLN0$GO$gcb_1,1100,QUTZS_XFMR1PIOC/LLN0$DS_XFMR,gcb_1,1729038538.72400,1,7,False,200,False,8,"[False, 0, True, 0, False, 0, True, 0]"
1729038545.851947,20:17:01:16:f0:11,01:0c:cd:01:0c:03,0x3103,165,QUTZS_FDRPIOC/LLN0$GO$gcb_1,1100,QUTZS_FDRPIOC/LLN0$DS_FDR,gcb_1,1729038541.08600,1,5,False,200,False,14,"[False, 0, True, 0, False, 0, False, 0, False, 0, False, 0, False, 0]"
1729038546.052881,20:17:01:16:f0:32,01:0c:cd:01:0c:02,0x3102,146,QUTZS_XFMR2PIOC/LLN0$GO$gcb_1,1100,QUTZS_XFMR2PIOC/LLN0$DS_XFMR,gcb_1,1729038540.52900,1,6,False,200,False,8,"[True, 0, False, 0, False, 0, True, 0]"
1729038546.164947,20:17:01:16:f0:23,01:0c:cd:01:0c:01,0x3101,146,QUTZS_XFMR1PIOC/LLN0$GO$gcb_1,1100,QUTZS_XFMR1PIOC/LLN0$DS_XFMR,gcb_1,1729038538.72400,1,8,False,200,False,8,"[False, 0, True, 0, False, 0, True, 0]"
1729038546.773597,20:17:01:16:f0:11,01:0c:cd:01:0c:03,0x3103,165,QUTZS_FDRPIOC/LLN0$GO$gcb_1,1100,QUTZS_FDRPIOC/LLN0$DS_FDR,gcb_1,1729038541.08600,1,6,False,200,False,14,"[False, 0, True, 0, False, 0, False, 0, False, 0, False, 0, False, 0]"
1729038546.986488,20:17:01:16:f0:32,01:0c:cd:01:0c:02,0x3102,146,QUTZS_XFMR2PIOC/LLN0$GO$gcb_1,1100,QUTZS_XFMR2PIOC/LLN0$DS_XFMR,gcb_1,1729038540.52900,1,7,False,200,False,8,"[True, 0, False, 0, False, 0, True, 0]"
1729038547.092727,20:17:01:16:f0:23,01:0c:cd:01:0c:01,0x3101,146,QUTZS_XFMR1PIOC/LLN0$GO$gcb_1,1100,QUTZS_XFMR1PIOC/LLN0$DS_XFMR,gcb_1,1729038538.72400,1,9,False,200,False,8,"[False, 0, True, 0, False, 0, True, 0]"
1729038547.704448,20:17:01:16:f0:11,01:0c:cd:01:0c:03,0x3103,165,QUTZS_FDRPIOC/LLN0$GO$gcb_1,1100,QUTZS_FDRPIOC/LLN0$DS_FDR,gcb_1,1729038541.08600,1,7,False,200,False,14,"[False, 0, True, 0, False, 0, False, 0, False, 0, False, 0, False, 0]"
1729038547.910157,20:17:01:16:f0:32,01:0c:cd:01:0c:02,0x3102,146,QUTZS_XFMR2PIOC/LLN0$GO$gcb_1,1100,QUTZS_XFMR2PIOC/LLN0$DS_XFMR,gcb_1,1729038540.52900,1,8,False,200,False,8,"[True, 0, False, 0, False, 0, True, 0]"
1729038548.005720,20:17:01:16:f0:23,01:0c:cd:01:0c:01,0x3101,146,QUTZS_XFMR1PIOC/LLN0$GO$gcb_1,1100,QUTZS_XFMR1PIOC/LLN0$DS_XFMR,gcb_1,1729038538.72400,1,10,False,200,False,8,"[False, 0, True, 0, False, 0, True, 0]"
1729038548.617955,20:17:01:16:f0:11,01:0c:cd:01:0c:03,0x3103,165,QUTZS_FDRPIOC/LLN0$GO$gcb_1,1100,QUTZS_FDRPIOC/LLN0$DS_FDR,gcb_1,1729038541.08600,1,8,False,200,False,14,"[False, 0, True, 0, False, 0, False, 0, False, 0, False, 0, False, 0]"
1729038548.823591,20:17:01:16:f0:32,01:0c:cd:01:0c:02,0x3102,146,QUTZS_XFMR2PIOC/LLN0$GO$gcb_1,1100,QUTZS_XFMR2PIOC/LLN0$DS_XFMR,gcb_1,1729038540.52900,1,9,False,200,False,8,"[True, 0, False, 0, False, 0, True, 0]"
1729038548.919427,20:17:01:16:f0:23,01:0c:cd:01:0c:01,0x3101,146,QUTZS_XFMR1PIOC/LLN0$GO$gcb_1,1100,QUTZS_XFMR1PIOC/LLN0$DS_XFMR,gcb_1,1729038538.72400,1,11,False,200,False,8,"[False, 0, True, 0, False, 0, True, 0]"
1729038549.543123,20:17:01:16:f0:11,01:0c:cd:01:0c:03,0x3103,165,QUTZS_FDRPIOC/LLN0$GO$gcb_1,1100,QUTZS_FDRPIOC/LLN0$DS_FDR,gcb_1,1729038541.08600,1,9,False,200,False,14,"[False, 0, True, 0, False, 0, False, 0, False, 0, False, 0, False, 0]"
1729038549.739414,20:17:01:16:f0:32,01:0c:cd:01:0c:02,0x3102,146,QUTZS_XFMR2PIOC/LLN0$GO$gcb_1,1100,QUTZS_XFMR2PIOC/LLN0$DS_XFMR,gcb_1,1729038540.52900,1,10,False,200,False,8,"[True, 0, False, 0, False, 0, True, 0]"
1729038549.840064,20:17:01:16:f0:23,01:0c:cd:01:0c:01,0x3101,146,QUTZS_XFMR1PIOC/LLN0$GO$gcb_1,1100,QUTZS_XFMR1PIOC/LLN0$DS_XFMR,gcb_1,1729038538.72400,1,12,False,200,False,8,"[False, 0, True, 0, False, 0, True, 0]"
1729038550.467694,20:17:01:16:f0:11,01:0c:cd:01:0c:03,0x3103,165,QUTZS_FDRPIOC/LLN0$GO$gcb_1,1100,QUTZS_FDRPIOC/LLN0$DS_FDR,gcb_1,1729038541.08600,1,10,False,200,False,14,"[False, 0, True, 0, False, 0, False, 0, False, 0, False, 0, False, 0]"
1729038550.665471,20:17:01:16:f0:32,01:0c:cd:01:0c:02,0x3102,146,QUTZS_XFMR2PIOC/LLN0$GO$gcb_1,1100,QUTZS_XFMR2PIOC/LLN0$DS_XFMR,gcb_1,1729038540.52900,1,11,False,200,False,8,"[True, 0, False, 0, False, 0, True, 0]"
1729038550.759265,20:17:01:16:f0:23,01:0c:cd:01:0c:01,0x3101,146,QUTZS_XFMR1PIOC/LLN0$GO$gcb_1,1100,QUTZS_XFMR1PIOC/LLN0$DS_XFMR,gcb_1,1729038538.72400,1,13,False,200,False,8,"[False, 0, True, 0, False, 0, True, 0]"
1729038551.399710,20:17:01:16:f0:11,01:0c:cd:01:0c:03,0x3103,165,QUTZS_FDRPIOC/LLN0$GO$gcb_1,1100,QUTZS_FDRPIOC/LLN0$DS_FDR,gcb_1,1729038541.08600,1,11,False,200,False,14,"[False, 0, True, 0, False, 0, False, 0, False, 0, False, 0, False, 0]"
1729038551.604204,20:17:01:16:f0:32,01:0c:cd:01:0c:02,0x3102,146,QUTZS_XFMR2PIOC/LLN0$GO$gcb_1,1100,QUTZS_XFMR2PIOC/LLN0$DS_XFMR,gcb_1,1729038540.52900,1,12,False,200,False,8,"[True, 0, False, 0, False, 0, True, 0]"
1729038551.671359,20:17:01:16:f0:23,01:0c:cd:01:0c:01,0x3101,146,QUTZS_XFMR1PIOC/LLN0$GO$gcb_1,1100,QUTZS_XFMR1PIOC/LLN0$DS_XFMR,gcb_1,1729038538.72400,1,14,False,200,False,8,"[False, 0, True, 0, False, 0, True, 0]"
1729038552.313178,20:17:01:16:f0:11,01:0c:cd:01:0c:03,0x3103,165,QUTZS_FDRPIOC/LLN0$GO$gcb_1,1100,QUTZS_FDRPIOC/LLN0$DS_FDR,gcb_1,1729038541.08600,1,12,False,200,False,14,"[False, 0, True, 0, False, 0, False, 0, False, 0, False, 0, False, 0]"
1729038552.538219,20:17:01:16:f0:32,01:0c:cd:01:0c:02,0x3102,146,QUTZS_XFMR2PIOC/LLN0$GO$gcb_1,1100,QUTZS_XFMR2PIOC/LLN0$DS_XFMR,gcb_1,1729038540.52900,1,13,False,200,False,8,"[True, 0, False, 0, False, 0, True, 0]"
1729038552.592662,20:17:01:16:f0:23,01:0c:cd:01:0c:01,0x3101,146,QUTZS_XFMR1PIOC/LLN0$GO$gcb_1,1100,QUTZS_XFMR1PIOC/LLN0$DS_XFMR,gcb_1,1729038538.72400,1,15,False,200,False,8,"[False, 0, True, 0, False, 0, True, 0]"
1729038553.239893,20:17:01:16:f0:11,01:0c:cd:01:0c:03,0x3103,165,QUTZS_FDRPIOC/LLN0$GO$gcb_1,1100,QUTZS_FDRPIOC/LLN0$DS_FDR,gcb_1,1729038541.08600,1,13,False,200,False,14,"[False, 0, True, 0, False, 0, False, 0, False, 0, False, 0, False, 0]"
1729038553.456372,20:17:01:16:f0:32,01:0c:cd:01:0c:02,0x3102,146,QUTZS_XFMR2PIOC/LLN0$GO$gcb_1,1100,QUTZS_XFMR2PIOC/LLN0$DS_XFMR,gcb_1,1729038540.52900,1,14,False,200,False,8,"[True, 0, False, 0, False, 0, True, 0]"
1729038553.516334,20:17:01:16:f0:23,01:0c:cd:01:0c:01,0x3101,146,QUTZS_XFMR1PIOC/LLN0$GO$gcb_1,1100,QUTZS_XFMR1PIOC/LLN0$DS_XFMR,gcb_1,1729038538.72400,1,16,False,200,False,8,"[False, 0, True, 0, False, 0, True, 0]"
1729038554.164294,20:17:01:16:f0:11,01:0c:cd:01:0c:03,0x3103,165,QUTZS_FDRPIOC/LLN0$GO$gcb_1,1100,QUTZS_FDRPIOC/LLN0$DS_FDR,gcb_1,1729038541.08600,1,14,False,200,False,14,"[False, 0, True, 0, False, 0, False, 0, False, 0, False, 0, False, 0]"
1729038554.370957,20:17:01:16:f0:32,01:0c:cd:01:0c:02,0x3102,146,QUTZS_XFMR2PIOC/LLN0$GO$gcb_1,1100,QUTZS_XFMR2PIOC/LLN0$DS_XFMR,gcb_1,1729038540.52900,1,15,False,200,False,8,"[True, 0, False, 0, False, 0, True, 0]"
1729038554.435901,20:17:01:16:f0:23,01:0c:cd:01:0c:01,0x3101,146,QUTZS_XFMR1PIOC/LLN0$GO$gcb_1,1100,QUTZS_XFMR1PIOC/LLN0$DS_XFMR,gcb_1,1729038538.72400,1,17,False,200,False,8,"[False, 0, True, 0, False, 0, True, 0]"
1729038555.093100,20:17:01:16:f0:11,01:0c:cd:01:0c:03,0x3103,165,QUTZS_FDRPIOC/LLN0$GO$gcb_1,1100,QUTZS_FDRPIOC/LLN0$DS_FDR,gcb_1,1729038541.08600,1,15,False,200,False,14,"[False, 0, True, 0, False, 0, False, 0, False, 0, False, 0, False, 0]"
1729038555.302075,20:17:01:16:f0:32,01:0c:cd:01:0c:02,0x3102,146,QUTZS_XFMR2PIOC/LLN0$GO$gcb_1,1100,QUTZS_XFMR2PIOC/LLN0$DS_XFMR,gcb_1,1729038540.52900,1,16,False,200,False,8,"[True, 0, False, 0, False, 0, True, 0]"
1729038555.358815,20:17:01:16:f0:23,01:0c:cd:01:0c:01,0x3101,146,QUTZS_XFMR1PIOC/LLN0$GO$gcb_1,1100,QUTZS_XFMR1PIOC/LLN0$DS_XFMR,gcb_1,1729038538.72400,1,18,False,200,False,8,"[False, 0, True, 0, False, 0, True, 0]"
1729038556.018865,20:17:01:16:f0:11,01:0c:cd:01:0c:03,0x3103,165,QUTZS_FDRPIOC/LLN0$GO$gcb_1,1100,QUTZS_FDRPIOC/LLN0$DS_FDR,gcb_1,1729038541.08600,1,16,False,200,False,14,"[False, 0, True, 0, False, 0, False, 0, False, 0, False, 0, False, 0]"
1729038556.219146,20:17:01:16:f0:32,01:0c:cd:01:0c:02,0x3102,146,QUTZS_XFMR2PIOC/LLN0$GO$gcb_1,1100,QUTZS_XFMR2PIOC/LLN0$DS_XFMR,gcb_1,1729038540.52900,1,17,False,200,False,8,"[True, 0, False, 0, False, 0, True, 0]"
1729038556.272384,20:17:01:16:f0:23,01:0c:cd:01:0c:01,0x3101,146,QUTZS_XFMR1PIOC/LLN0$GO$gcb_1,1100,QUTZS_XFMR1PIOC/LLN0$DS_XFMR,gcb_1,1729038538.72400,1,19,False,200,False,8,"[False, 0, True, 0, False, 0, True, 0]"
1729038556.943227,20:17:01:16:f0:11,01:0c:cd:01:0c:03,0x3103,165,QUTZS_FDRPIOC/LLN0$GO$gcb_1,1100,QUTZS_FDRPIOC/LLN0$DS_FDR,gcb_1,1729038541.08600,1,17,False,200,False,14,"[False, 0, True, 0, False, 0, False, 0, False, 0, False, 0, False, 0]"
1729038557.136386,20:17:01:16:f0:32,01:0c:cd:01:0c:02,0x3102,146,QUTZS_XFMR2PIOC/LLN0$GO$gcb_1,1100,QUTZS_XFMR2PIOC/LLN0$DS_XFMR,gcb_1,1729038540.52900,1,18,False,200,False,8,"[True, 0, False, 0, False, 0, True, 0]"
1729038557.195116,20:17:01:16:f0:23,01:0c:cd:01:0c:01,0x3101,146,QUTZS_XFMR1PIOC/LLN0$GO$gcb_1,1100,QUTZS_XFMR1PIOC/LLN0$DS_XFMR,gcb_1,1729038538.72400,1,20,False,200,False,8,"[False, 0, True, 0, False, 0, True, 0]"
1729038557.893507,20:17:01:16:f0:11,01:0c:cd:01:0c:03,0x3103,165,QUTZS_FDRPIOC/LLN0$GO$gcb_1,1100,QUTZS_FDRPIOC/LLN0$DS_FDR,gcb_1,1729038541.08600,1,18,False,200,False,14,"[False, 0, True, 0, False, 0, False, 0, False, 0, False, 0, False, 0]"
1729038558.074903,20:17:01:16:f0:32,01:0c:cd:01:0c:02,0x3102,146,QUTZS_XFMR2PIOC/LLN0$GO$gcb_1,1100,QUTZS_XFMR2PIOC/LLN0$DS_XFMR,gcb_1,1729038540.52900,1,19,False,200,False,8,"[True, 0, False, 0, False, 0, True, 0]"
1729038558.129026,20:17:01:16:f0:23,01:0c:cd:01:0c:01,0x3101,146,QUTZS_XFMR1PIOC/LLN0$GO$gcb_1,1100,QUTZS_XFMR1PIOC/LLN0$DS_XFMR,gcb_1,1729038538.72400,1,21,False,200,False,8,"[False, 0, True, 0, False, 0, True, 0]"
1729038558.809691,20:17:01:16:f0:11,01:0c:cd:01:0c:03,0x3103,165,QUTZS_FDRPIOC/LLN0$GO$gcb_1,1100,QUTZS_FDRPIOC/LLN0$DS_FDR,gcb_1,1729038541.08600,1,19,False,200,False,14,"[False, 0, True, 0, False, 0, False, 0, False, 0, False, 0, False, 0]"
1729038558.859997,20:17:01:16:f0:11,01:0c:cd:01:0c:03,0x3103,165,QUTZS_FDRPIOC/LLN0$GO$gcb_1,1100,QUTZS_FDRPIOC/LLN0$DS_FDR,gcb_1,1729038558.72700,2,0,False,200,False,14,"[False, 0, True, 0, False, 0, True, 0, False, 0, False, 0, False, 0]"
1729038558.865516,20:17:01:16:f0:11,01:0c:cd:01:0c:03,0x3103,165,QUTZS_FDRPIOC/LLN0$GO$gcb_1,1100,QUTZS_FDRPIOC/LLN0$DS_FDR,gcb_1,1729038558.72700,2,1,False,200,False,14,"[False, 0, True, 0, False, 0, True, 0, False, 0, False, 0, False, 0]"
1729038558.873631,20:17:01:16:f0:11,01:0c:cd:01:0c:03,0x3103,165,QUTZS_FDRPIOC/LLN0$GO$gcb_1,1100,QUTZS_FDRPIOC/LLN0$DS_FDR,gcb_1,1729038558.72700,2,2,False,200,False,14,"[False, 0, True, 0, False, 0, True, 0, False, 0, False, 0, False, 0]"
1729038558.889845,20:17:01:16:f0:11,01:0c:cd:01:0c:03,0x3103,165,QUTZS_FDRPIOC/LLN0$GO$gcb_1,1100,QUTZS_FDRPIOC/LLN0$DS_FDR,gcb_1,1729038558.72700,2,3,False,200,False,14,"[False, 0, True, 0, False, 0, True, 0, False, 0, False, 0, False, 0]"
1729038558.953823,20:17:01:16:f0:11,01:0c:cd:01:0c:03,0x3103,165,QUTZS_FDRPIOC/LLN0$GO$gcb_1,1100,QUTZS_FDRPIOC/LLN0$DS_FDR,gcb_1,1729038558.72700,2,4,False,200,False,14,"[False, 0, True, 0, False, 0, True, 0, False, 0, False, 0, False, 0]"
1729038558.997652,20:17:01:16:f0:32,01:0c:cd:01:0c:02,0x3102,146,QUTZS_XFMR2PIOC/LLN0$GO$gcb_1,1100,QUTZS_XFMR2PIOC/LLN0$DS_XFMR,gcb_1,1729038540.52900,1,20,False,200,False,8,"[True, 0, False, 0, False, 0, True, 0]"
1729038559.047348,20:17:01:16:f0:23,01:0c:cd:01:0c:01,0x3101,146,QUTZS_XFMR1PIOC/LLN0$GO$gcb_1,1100,QUTZS_XFMR1PIOC/LLN0$DS_XFMR,gcb_1,1729038538.72400,1,22,False,200,False,8,"[False, 0, True, 0, False, 0, True, 0]"
1729038559.211295,20:17:01:16:f0:11,01:0c:cd:01:0c:03,0x3103,165,QUTZS_FDRPIOC/LLN0$GO$gcb_1,1100,QUTZS_FDRPIOC/LLN0$DS_FDR,gcb_1,1729038558.72700,2,5,False,200,False,14,"[False, 0, True, 0, False, 0, True, 0, False, 0, False, 0, False, 0]"
1729038559.918891,20:17:01:16:f0:32,01:0c:cd:01:0c:02,0x3102,146,QUTZS_XFMR2PIOC/LLN0$GO$gcb_1,1100,QUTZS_XFMR2PIOC/LLN0$DS_XFMR,gcb_1,1729038540.52900,1,21,False,200,False,8,"[True, 0, False, 0, False, 0, True, 0]"
1729038559.969059,20:17:01:16:f0:23,01:0c:cd:01:0c:01,0x3101,146,QUTZS_XFMR1PIOC/LLN0$GO$gcb_1,1100,QUTZS_XFMR1PIOC/LLN0$DS_XFMR,gcb_1,1729038538.72400,1,23,False,200,False,8,"[False, 0, True, 0, False, 0, True, 0]"
1729038560.129507,20:17:01:16:f0:11,01:0c:cd:01:0c:03,0x3103,165,QUTZS_FDRPIOC/LLN0$GO$gcb_1,1100,QUTZS_FDRPIOC/LLN0$DS_FDR,gcb_1,1729038558.72700,2,6,False,200,False,14,"[False, 0, True, 0, False, 0, True, 0, False, 0, False, 0, False, 0]"
1729038560.832580,20:17:01:16:f0:32,01:0c:cd:01:0c:02,0x3102,146,QUTZS_XFMR2PIOC/LLN0$GO$gcb_1,1100,QUTZS_XFMR2PIOC/LLN0$DS_XFMR,gcb_1,1729038540.52900,1,22,False,200,False,8,"[True, 0, False, 0, False, 0, True, 0]"
1729038560.894094,20:17:01:16:f0:23,01:0c:cd:01:0c:01,0x3101,146,QUTZS_XFMR1PIOC/LLN0$GO$gcb_1,1100,QUTZS_XFMR1PIOC/LLN0$DS_XFMR,gcb_1,1729038538.72400,1,24,False,200,False,8,"[False, 0, True, 0, False, 0, True, 0]"
1729038561.051592,20:17:01:16:f0:11,01:0c:cd:01:0c:03,0x3103,165,QUTZS_FDRPIOC/LLN0$GO$gcb_1,1100,QUTZS_FDRPIOC/LLN0$DS_FDR,gcb_1,1729038558.72700,2,7,False,200,False,14,"[False, 0, True, 0, False, 0, True, 0, False, 0, False, 0, False, 0]"
1729038561.757569,20:17:01:16:f0:32,01:0c:cd:01:0c:02,0x3102,146,QUTZS_XFMR2PIOC/LLN0$GO$gcb_1,1100,QUTZS_XFMR2PIOC/LLN0$DS_XFMR,gcb_1,1729038540.52900,1,23,False,200,False,8,"[True, 0, False, 0, False, 0, True, 0]"
1729038561.812818,20:17:01:16:f0:23,01:0c:cd:01:0c:01,0x3101,146,QUTZS_XFMR1PIOC/LLN0$GO$gcb_1,1100,QUTZS_XFMR1PIOC/LLN0$DS_XFMR,gcb_1,1729038538.72400,1,25,False,200,False,8,"[False, 0, True, 0, False, 0, True, 0]"
1729038561.963905,20:17:01:16:f0:11,01:0c:cd:01:0c:03,0x3103,165,QUTZS_FDRPIOC/LLN0$GO$gcb_1,1100,QUTZS_FDRPIOC/LLN0$DS_FDR,gcb_1,1729038558.72700,2,8,False,200,False,14,"[False, 0, True, 0, False, 0, True, 0, False, 0, False, 0, False, 0]"
1729038562.690413,20:17:01:16:f0:32,01:0c:cd:01:0c:02,0x3102,146,QUTZS_XFMR2PIOC/LLN0$GO$gcb_1,1100,QUTZS_XFMR2PIOC/LLN0$DS_XFMR,gcb_1,1729038540.52900,1,24,False,200,False,8,"[True, 0, False, 0, False, 0, True, 0]"
1729038562.731736,20:17:01:16:f0:23,01:0c:cd:01:0c:01,0x3101,146,QUTZS_XFMR1PIOC/LLN0$GO$gcb_1,1100,QUTZS_XFMR1PIOC/LLN0$DS_XFMR,gcb_1,1729038538.72400,1,26,False,200,False,8,"[False, 0, True, 0, False, 0, True, 0]"
1729038562.893761,20:17:01:16:f0:11,01:0c:cd:01:0c:03,0x3103,165,QUTZS_FDRPIOC/LLN0$GO$gcb_1,1100,QUTZS_FDRPIOC/LLN0$DS_FDR,gcb_1,1729038558.72700,2,9,False,200,False,14,"[False, 0, True, 0, False, 0, True, 0, False, 0, False, 0, False, 0]"
1729038563.614952,20:17:01:16:f0:32,01:0c:cd:01:0c:02,0x3102,146,QUTZS_XFMR2PIOC/LLN0$GO$gcb_1,1100,QUTZS_XFMR2PIOC/LLN0$DS_XFMR,gcb_1,1729038540.52900,1,25,False,200,False,8,"[True, 0, False, 0, False, 0, True, 0]"
1729038563.664638,20:17:01:16:f0:23,01:0c:cd:01:0c:01,0x3101,146,QUTZS_XFMR1PIOC/LLN0$GO$gcb_1,1100,QUTZS_XFMR1PIOC/LLN0$DS_XFMR,gcb_1,1729038538.72400,1,27,False,200,False,8,"[False, 0, True, 0, False, 0, True, 0]"
1729038563.810524,20:17:01:16:f0:11,01:0c:cd:01:0c:03,0x3103,165,QUTZS_FDRPIOC/LLN0$GO$gcb_1,1100,QUTZS_FDRPIOC/LLN0$DS_FDR,gcb_1,1729038558.72700,2,10,False,200,False,14,"[False, 0, True, 0, False, 0, True, 0, False, 0, False, 0, False, 0]"
1729038564.534222,20:17:01:16:f0:32,01:0c:cd:01:0c:02,0x3102,146,QUTZS_XFMR2PIOC/LLN0$GO$gcb_1,1100,QUTZS_XFMR2PIOC/LLN0$DS_XFMR,gcb_1,1729038540.52900,1,26,False,200,False,8,"[True, 0, False, 0, False, 0, True, 0]"
1729038564.575528,20:17:01:16:f0:23,01:0c:cd:01:0c:01,0x3101,146,QUTZS_XFMR1PIOC/LLN0$GO$gcb_1,1100,QUTZS_XFMR1PIOC/LLN0$DS_XFMR,gcb_1,1729038538.72400,1,28,False,200,False,8,"[False, 0, True, 0, False, 0, True, 0]"
1729038564.720307,20:17:01:16:f0:11,01:0c:cd:01:0c:03,0x3103,165,QUTZS_FDRPIOC/LLN0$GO$gcb_1,1100,QUTZS_FDRPIOC/LLN0$DS_FDR,gcb_1,1729038558.72700,2,11,False,200,False,14,"[False, 0, True, 0, False, 0, True, 0, False, 0, False, 0, False, 0]"
1729038565.469356,20:17:01:16:f0:32,01:0c:cd:01:0c:02,0x3102,146,QUTZS_XFMR2PIOC/LLN0$GO$gcb_1,1100,QUTZS_XFMR2PIOC/LLN0$DS_XFMR,gcb_1,1729038540.52900,1,27,False,200,False,8,"[True, 0, False, 0, False, 0, True, 0]"
1729038565.514746,20:17:01:16:f0:23,01:0c:cd:01:0c:01,0x3101,146,QUTZS_XFMR1PIOC/LLN0$GO$gcb_1,1100,QUTZS_XFMR1PIOC/LLN0$DS_XFMR,gcb_1,1729038538.72400,1,29,False,200,False,8,"[False, 0, True, 0, False, 0, True, 0]"
1729038565.662947,20:17:01:16:f0:11,01:0c:cd:01:0c:03,0x3103,165,QUTZS_FDRPIOC/LLN0$GO$gcb_1,1100,QUTZS_FDRPIOC/LLN0$DS_FDR,gcb_1,1729038558.72700,2,12,False,200,False,14,"[False, 0, True, 0, False, 0, True, 0, False, 0, False, 0, False, 0]"
1729038566.391391,20:17:01:16:f0:32,01:0c:cd:01:0c:02,0x3102,146,QUTZS_XFMR2PIOC/LLN0$GO$gcb_1,1100,QUTZS_XFMR2PIOC/LLN0$DS_XFMR,gcb_1,1729038540.52900,1,28,False,200,False,8,"[True, 0, False, 0, False, 0, True, 0]"
1729038566.436708,20:17:01:16:f0:23,01:0c:cd:01:0c:01,0x3101,146,QUTZS_XFMR1PIOC/LLN0$GO$gcb_1,1100,QUTZS_XFMR1PIOC/LLN0$DS_XFMR,gcb_1,1729038538.72400,1,30,False,200,False,8,"[False, 0, True, 0, False, 0, True, 0]"
1729038566.582648,20:17:01:16:f0:11,01:0c:cd:01:0c:03,0x3103,165,QUTZS_FDRPIOC/LLN0$GO$gcb_1,1100,QUTZS_FDRPIOC/LLN0$DS_FDR,gcb_1,1729038558.72700,2,13,False,200,False,14,"[False, 0, True, 0, False, 0, True, 0, False, 0, False, 0, False, 0]"
1729038567.323030,20:17:01:16:f0:32,01:0c:cd:01:0c:02,0x3102,146,QUTZS_XFMR2PIOC/LLN0$GO$gcb_1,1100,QUTZS_XFMR2PIOC/LLN0$DS_XFMR,gcb_1,1729038540.52900,1,29,False,200,False,8,"[True, 0, False, 0, False, 0, True, 0]"
1729038567.372032,20:17:01:16:f0:23,01:0c:cd:01:0c:01,0x3101,146,QUTZS_XFMR1PIOC/LLN0$GO$gcb_1,1100,QUTZS_XFMR1PIOC/LLN0$DS_XFMR,gcb_1,1729038538.72400,1,31,False,200,False,8,"[False, 0, True, 0, False, 0, True, 0]"
1729038567.496305,20:17:01:16:f0:11,01:0c:cd:01:0c:03,0x3103,165,QUTZS_FDRPIOC/LLN0$GO$gcb_1,1100,QUTZS_FDRPIOC/LLN0$DS_FDR,gcb_1,1729038558.72700,2,14,False,200,False,14,"[False, 0, True, 0, False, 0, True, 0, False, 0, False, 0, False, 0]"
1729038568.246498,20:17:01:16:f0:32,01:0c:cd:01:0c:02,0x3102,146,QUTZS_XFMR2PIOC/LLN0$GO$gcb_1,1100,QUTZS_XFMR2PIOC/LLN0$DS_XFMR,gcb_1,1729038540.52900,1,30,False,200,False,8,"[True, 0, False, 0, False, 0, True, 0]"
1729038568.291559,20:17:01:16:f0:23,01:0c:cd:01:0c:01,0x3101,146,QUTZS_XFMR1PIOC/LLN0$GO$gcb_1,1100,QUTZS_XFMR1PIOC/LLN0$DS_XFMR,gcb_1,1729038538.72400,1,32,False,200,False,8,"[False, 0, True, 0, False, 0, True, 0]"
1729038568.427911,20:17:01:16:f0:11,01:0c:cd:01:0c:03,0x3103,165,QUTZS_FDRPIOC/LLN0$GO$gcb_1,1100,QUTZS_FDRPIOC/LLN0$DS_FDR,gcb_1,1729038558.72700,2,15,False,200,False,14,"[False, 0, True, 0, False, 0, True, 0, False, 0, False, 0, False, 0]"
1729038569.164128,20:17:01:16:f0:32,01:0c:cd:01:0c:02,0x3102,146,QUTZS_XFMR2PIOC/LLN0$GO$gcb_1,1100,QUTZS_XFMR2PIOC/LLN0$DS_XFMR,gcb_1,1729038540.52900,1,31,False,200,False,8,"[True, 0, False, 0, False, 0, True, 0]"
1729038569.232528,20:17:01:16:f0:23,01:0c:cd:01:0c:01,0x3101,146,QUTZS_XFMR1PIOC/LLN0$GO$gcb_1,1100,QUTZS_XFMR1PIOC/LLN0$DS_XFMR,gcb_1,1729038538.72400,1,33,False,200,False,8,"[False, 0, True, 0, False, 0, True, 0]"
1729038569.346838,20:17:01:16:f0:11,01:0c:cd:01:0c:03,0x3103,165,QUTZS_FDRPIOC/LLN0$GO$gcb_1,1100,QUTZS_FDRPIOC/LLN0$DS_FDR,gcb_1,1729038558.72700,2,16,False,200,False,14,"[False, 0, True, 0, False, 0, True, 0, False, 0, False, 0, False, 0]"
1729038570.095941,20:17:01:16:f0:32,01:0c:cd:01:0c:02,0x3102,146,QUTZS_XFMR2PIOC/LLN0$GO$gcb_1,1100,QUTZS_XFMR2PIOC/LLN0$DS_XFMR,gcb_1,1729038540.52900,1,32,False,200,False,8,"[True, 0, False, 0, False, 0, True, 0]"
1729038570.158581,20:17:01:16:f0:23,01:0c:cd:01:0c:01,0x3101,146,QUTZS_XFMR1PIOC/LLN0$GO$gcb_1,1100,QUTZS_XFMR1PIOC/LLN0$DS_XFMR,gcb_1,1729038538.72400,1,34,False,200,False,8,"[False, 0, True, 0, False, 0, True, 0]"
1729038570.260852,20:17:01:16:f0:11,01:0c:cd:01:0c:03,0x3103,165,QUTZS_FDRPIOC/LLN0$GO$gcb_1,1100,QUTZS_FDRPIOC/LLN0$DS_FDR,gcb_1,1729038558.72700,2,17,False,200,False,14,"[False, 0, True, 0, False, 0, True, 0, False, 0, False, 0, False, 0]"
1729038571.017510,20:17:01:16:f0:32,01:0c:cd:01:0c:02,0x3102,146,QUTZS_XFMR2PIOC/LLN0$GO$gcb_1,1100,QUTZS_XFMR2PIOC/LLN0$DS_XFMR,gcb_1,1729038540.52900,1,33,False,200,False,8,"[True, 0, False, 0, False, 0, True, 0]"
1729038571.086103,20:17:01:16:f0:23,01:0c:cd:01:0c:01,0x3101,146,QUTZS_XFMR1PIOC/LLN0$GO$gcb_1,1100,QUTZS_XFMR1PIOC/LLN0$DS_XFMR,gcb_1,1729038538.72400,1,35,False,200,False,8,"[False, 0, True, 0, False, 0, True, 0]"
1729038571.215447,20:17:01:16:f0:11,01:0c:cd:01:0c:03,0x3103,165,QUTZS_FDRPIOC/LLN0$GO$gcb_1,1100,QUTZS_FDRPIOC/LLN0$DS_FDR,gcb_1,1729038558.72700,2,18,False,200,False,14,"[False, 0, True, 0, False, 0, True, 0, False, 0, False, 0, False, 0]"
1729038571.925772,20:17:01:16:f0:32,01:0c:cd:01:0c:02,0x3102,146,QUTZS_XFMR2PIOC/LLN0$GO$gcb_1,1100,QUTZS_XFMR2PIOC/LLN0$DS_XFMR,gcb_1,1729038540.52900,1,34,False,200,False,8,"[True, 0, False, 0, False, 0, True, 0]"
1729038572.017965,20:17:01:16:f0:23,01:0c:cd:01:0c:01,0x3101,146,QUTZS_XFMR1PIOC/LLN0$GO$gcb_1,1100,QUTZS_XFMR1PIOC/LLN0$DS_XFMR,gcb_1,1729038538.72400,1,36,False,200,False,8,"[False, 0, True, 0, False, 0, True, 0]"
1729038572.147372,20:17:01:16:f0:11,01:0c:cd:01:0c:03,0x3103,165,QUTZS_FDRPIOC/LLN0$GO$gcb_1,1100,QUTZS_FDRPIOC/LLN0$DS_FDR,gcb_1,1729038558.72700,2,19,False,200,False,14,"[False, 0, True, 0, False, 0, True, 0, False, 0, False, 0, False, 0]"
1729038572.851502,20:17:01:16:f0:32,01:0c:cd:01:0c:02,0x3102,146,QUTZS_XFMR2PIOC/LLN0$GO$gcb_1,1100,QUTZS_XFMR2PIOC/LLN0$DS_XFMR,gcb_1,1729038540.52900,1,35,False,200,False,8,"[True, 0, False, 0, False, 0, True, 0]"
1729038572.934172,20:17:01:16:f0:23,01:0c:cd:01:0c:01,0x3101,146,QUTZS_XFMR1PIOC/LLN0$GO$gcb_1,1100,QUTZS_XFMR1PIOC/LLN0$DS_XFMR,gcb_1,1729038538.72400,1,37,False,200,False,8,"[False, 0, True, 0, False, 0, True, 0]"
1729038573.067470,20:17:01:16:f0:11,01:0c:cd:01:0c:03,0x3103,165,QUTZS_FDRPIOC/LLN0$GO$gcb_1,1100,QUTZS_FDRPIOC/LLN0$DS_FDR,gcb_1,1729038558.72700,2,20,False,200,False,14,"[False, 0, True, 0, False, 0, True, 0, False, 0, False, 0, False, 0]"
1729038573.780018,20:17:01:16:f0:32,01:0c:cd:01:0c:02,0x3102,146,QUTZS_XFMR2PIOC/LLN0$GO$gcb_1,1100,QUTZS_XFMR2PIOC/LLN0$DS_XFMR,gcb_1,1729038540.52900,1,36,False,200,False,8,"[True, 0, False, 0, False, 0, True, 0]"
1729038573.847784,20:17:01:16:f0:23,01:0c:cd:01:0c:01,0x3101,146,QUTZS_XFMR1PIOC/LLN0$GO$gcb_1,1100,QUTZS_XFMR1PIOC/LLN0$DS_XFMR,gcb_1,1729038538.72400,1,38,False,200,False,8,"[False, 0, True, 0, False, 0, True, 0]"
1729038573.996475,20:17:01:16:f0:11,01:0c:cd:01:0c:03,0x3103,165,QUTZS_FDRPIOC/LLN0$GO$gcb_1,1100,QUTZS_FDRPIOC/LLN0$DS_FDR,gcb_1,1729038558.72700,2,21,False,200,False,14,"[False, 0, True, 0, False, 0, True, 0, False, 0, False, 0, False, 0]"
1729038574.714161,20:17:01:16:f0:32,01:0c:cd:01:0c:02,0x3102,146,QUTZS_XFMR2PIOC/LLN0$GO$gcb_1,1100,QUTZS_XFMR2PIOC/LLN0$DS_XFMR,gcb_1,1729038540.52900,1,37,False,200,False,8,"[True, 0, False, 0, False, 0, True, 0]"
1729038574.778088,20:17:01:16:f0:23,01:0c:cd:01:0c:01,0x3101,146,QUTZS_XFMR1PIOC/LLN0$GO$gcb_1,1100,QUTZS_XFMR1PIOC/LLN0$DS_XFMR,gcb_1,1729038538.72400,1,39,False,200,False,8,"[False, 0, True, 0, False, 0, True, 0]"
1729038574.914341,20:17:01:16:f0:11,01:0c:cd:01:0c:03,0x3103,165,QUTZS_FDRPIOC/LLN0$GO$gcb_1,1100,QUTZS_FDRPIOC/LLN0$DS_FDR,gcb_1,1729038558.72700,2,22,False,200,False,14,"[False, 0, True, 0, False, 0, True, 0, False, 0, False, 0, False, 0]"
1729038575.630553,20:17:01:16:f0:32,01:0c:cd:01:0c:02,0x3102,146,QUTZS_XFMR2PIOC/LLN0$GO$gcb_1,1100,QUTZS_XFMR2PIOC/LLN0$DS_XFMR,gcb_1,1729038540.52900,1,38,False,200,False,8,"[True, 0, False, 0, False, 0, True, 0]"
1729038575.695716,20:17:01:16:f0:23,01:0c:cd:01:0c:01,0x3101,146,QUTZS_XFMR1PIOC/LLN0$GO$gcb_1,1100,QUTZS_XFMR1PIOC/LLN0$DS_XFMR,gcb_1,1729038538.72400,1,40,False,200,False,8,"[False, 0, True, 0, False, 0, True, 0]"
1729038575.852456,20:17:01:16:f0:11,01:0c:cd:01:0c:03,0x3103,165,QUTZS_FDRPIOC/LLN0$GO$gcb_1,1100,QUTZS_FDRPIOC/LLN0$DS_FDR,gcb_1,1729038558.72700,2,23,False,200,False,14,"[False, 0, True, 0, False, 0, True, 0, False, 0, False, 0, False, 0]"
1729038576.545721,20:17:01:16:f0:32,01:0c:cd:01:0c:02,0x3102,146,QUTZS_XFMR2PIOC/LLN0$GO$gcb_1,1100,QUTZS_XFMR2PIOC/LLN0$DS_XFMR,gcb_1,1729038540.52900,1,39,False,200,False,8,"[True, 0, False, 0, False, 0, True, 0]"
1729038576.620941,20:17:01:16:f0:23,01:0c:cd:01:0c:01,0x3101,146,QUTZS_XFMR1PIOC/LLN0$GO$gcb_1,1100,QUTZS_XFMR1PIOC/LLN0$DS_XFMR,gcb_1,1729038538.72400,1,41,False,200,False,8,"[False, 0, True, 0, False, 0, True, 0]"
1729038576.777265,20:17:01:16:f0:11,01:0c:cd:01:0c:03,0x3103,165,QUTZS_FDRPIOC/LLN0$GO$gcb_1,1100,QUTZS_FDRPIOC/LLN0$DS_FDR,gcb_1,1729038558.72700,2,24,False,200,False,14,"[False, 0, True, 0, False, 0, True, 0, False, 0, False, 0, False, 0]"
1729038577.466452,20:17:01:16:f0:32,01:0c:cd:01:0c:02,0x3102,146,QUTZS_XFMR2PIOC/LLN0$GO$gcb_1,1100,QUTZS_XFMR2PIOC/LLN0$DS_XFMR,gcb_1,1729038540.52900,1,40,False,200,False,8,"[True, 0, False, 0, False, 0, True, 0]"
1729038577.552865,20:17:01:16:f0:23,01:0c:cd:01:0c:01,0x3101,146,QUTZS_XFMR1PIOC/LLN0$GO$gcb_1,1100,QUTZS_XFMR1PIOC/LLN0$DS_XFMR,gcb_1,1729038538.72400,1,42,False,200,False,8,"[False, 0, True, 0, False, 0, True, 0]"
1729038577.706411,20:17:01:16:f0:11,01:0c:cd:01:0c:03,0x3103,165,QUTZS_FDRPIOC/LLN0$GO$gcb_1,1100,QUTZS_FDRPIOC/LLN0$DS_FDR,gcb_1,1729038558.72700,2,25,False,200,False,14,"[False, 0, True, 0, False, 0, True, 0, False, 0, False, 0, False, 0]"
1729038578.386329,20:17:01:16:f0:32,01:0c:cd:01:0c:02,0x3102,146,QUTZS_XFMR2PIOC/LLN0$GO$gcb_1,1100,QUTZS_XFMR2PIOC/LLN0$DS_XFMR,gcb_1,1729038540.52900,1,41,False,200,False,8,"[True, 0, False, 0, False, 0, True, 0]"
1729038578.477810,20:17:01:16:f0:23,01:0c:cd:01:0c:01,0x3101,146,QUTZS_XFMR1PIOC/LLN0$GO$gcb_1,1100,QUTZS_XFMR1PIOC/LLN0$DS_XFMR,gcb_1,1729038538.72400,1,43,False,200,False,8,"[False, 0, True, 0, False, 0, True, 0]"
1729038578.637573,20:17:01:16:f0:11,01:0c:cd:01:0c:03,0x3103,165,QUTZS_FDRPIOC/LLN0$GO$gcb_1,1100,QUTZS_FDRPIOC/LLN0$DS_FDR,gcb_1,1729038558.72700,2,26,False,200,False,14,"[False, 0, True, 0, False, 0, True, 0, False, 0, False, 0, False, 0]"
1729038579.145964,20:17:01:16:f0:11,01:0c:cd:01:0c:03,0x3103,165,QUTZS_FDRPIOC/LLN0$GO$gcb_1,1100,QUTZS_FDRPIOC/LLN0$DS_FDR,gcb_1,1729038579.01300,3,0,False,200,False,14,"[False, 0, True, 0, False, 0, False, 0, False, 0, False, 0, False, 0]"
1729038579.147510,20:17:01:16:f0:11,01:0c:cd:01:0c:03,0x3103,165,QUTZS_FDRPIOC/LLN0$GO$gcb_1,1100,QUTZS_FDRPIOC/LLN0$DS_FDR,gcb_1,1729038579.01300,3,1,False,200,False,14,"[False, 0, True, 0, False, 0, False, 0, False, 0, False, 0, False, 0]"
1729038579.152963,20:17:01:16:f0:11,01:0c:cd:01:0c:03,0x3103,165,QUTZS_FDRPIOC/LLN0$GO$gcb_1,1100,QUTZS_FDRPIOC/LLN0$DS_FDR,gcb_1,1729038579.01300,3,2,False,200,False,14,"[False, 0, True, 0, False, 0, False, 0, False, 0, False, 0, False, 0]"
1729038579.168103,20:17:01:16:f0:11,01:0c:cd:01:0c:03,0x3103,165,QUTZS_FDRPIOC/LLN0$GO$gcb_1,1100,QUTZS_FDRPIOC/LLN0$DS_FDR,gcb_1,1729038579.01300,3,3,False,200,False,14,"[False, 0, True, 0, False, 0, False, 0, False, 0, False, 0, False, 0]"
1729038579.237278,20:17:01:16:f0:11,01:0c:cd:01:0c:03,0x3103,165,QUTZS_FDRPIOC/LLN0$GO$gcb_1,1100,QUTZS_FDRPIOC/LLN0$DS_FDR,gcb_1,1729038579.01300,3,4,False,200,False,14,"[False, 0, True, 0, False, 0, False, 0, False, 0, False, 0, False, 0]"
1729038579.299941,20:17:01:16:f0:32,01:0c:cd:01:0c:02,0x3102,146,QUTZS_XFMR2PIOC/LLN0$GO$gcb_1,1100,QUTZS_XFMR2PIOC/LLN0$DS_XFMR,gcb_1,1729038540.52900,1,42,False,200,False,8,"[True, 0, False, 0, False, 0, True, 0]"
1729038579.399986,20:17:01:16:f0:23,01:0c:cd:01:0c:01,0x3101,146,QUTZS_XFMR1PIOC/LLN0$GO$gcb_1,1100,QUTZS_XFMR1PIOC/LLN0$DS_XFMR,gcb_1,1729038538.72400,1,44,False,200,False,8,"[False, 0, True, 0, False, 0, True, 0]"
1729038579.495800,20:17:01:16:f0:11,01:0c:cd:01:0c:03,0x3103,165,QUTZS_FDRPIOC/LLN0$GO$gcb_1,1100,QUTZS_FDRPIOC/LLN0$DS_FDR,gcb_1,1729038579.01300,3,5,False,200,False,14,"[False, 0, True, 0, False, 0, False, 0, False, 0, False, 0, False, 0]"
1729038580.238386,20:17:01:16:f0:32,01:0c:cd:01:0c:02,0x3102,146,QUTZS_XFMR2PIOC/LLN0$GO$gcb_1,1100,QUTZS_XFMR2PIOC/LLN0$DS_XFMR,gcb_1,1729038540.52900,1,43,False,200,False,8,"[True, 0, False, 0, False, 0, True, 0]"
1729038580.329263,20:17:01:16:f0:23,01:0c:cd:01:0c:01,0x3101,146,QUTZS_XFMR1PIOC/LLN0$GO$gcb_1,1100,QUTZS_XFMR1PIOC/LLN0$DS_XFMR,gcb_1,1729038538.72400,1,45,False,200,False,8,"[False, 0, True, 0, False, 0, True, 0]"
1729038580.419558,20:17:01:16:f0:11,01:0c:cd:01:0c:03,0x3103,165,QUTZS_FDRPIOC/LLN0$GO$gcb_1,1100,QUTZS_FDRPIOC/LLN0$DS_FDR,gcb_1,1729038579.01300,3,6,False,200,False,14,"[False, 0, True, 0, False, 0, False, 0, False, 0, False, 0, False, 0]"
1729038581.168470,20:17:01:16:f0:32,01:0c:cd:01:0c:02,0x3102,146,QUTZS_XFMR2PIOC/LLN0$GO$gcb_1,1100,QUTZS_XFMR2PIOC/LLN0$DS_XFMR,gcb_1,1729038540.52900,1,44,False,200,False,8,"[True, 0, False, 0, False, 0, True, 0]"
1729038581.268217,20:17:01:16:f0:23,01:0c:cd:01:0c:01,0x3101,146,QUTZS_XFMR1PIOC/LLN0$GO$gcb_1,1100,QUTZS_XFMR1PIOC/LLN0$DS_XFMR,gcb_1,1729038538.72400,1,46,False,200,False,8,"[False, 0, True, 0, False, 0, True, 0]"
1729038581.341542,20:17:01:16:f0:11,01:0c:cd:01:0c:03,0x3103,165,QUTZS_FDRPIOC/LLN0$GO$gcb_1,1100,QUTZS_FDRPIOC/LLN0$DS_FDR,gcb_1,1729038579.01300,3,7,False,200,False,14,"[False, 0, True, 0, False, 0, False, 0, False, 0, False, 0, False, 0]"
1729038582.096767,20:17:01:16:f0:32,01:0c:cd:01:0c:02,0x3102,146,QUTZS_XFMR2PIOC/LLN0$GO$gcb_1,1100,QUTZS_XFMR2PIOC/LLN0$DS_XFMR,gcb_1,1729038540.52900,1,45,False,200,False,8,"[True, 0, False, 0, False, 0, True, 0]"
1729038582.188105,20:17:01:16:f0:23,01:0c:cd:01:0c:01,0x3101,146,QUTZS_XFMR1PIOC/LLN0$GO$gcb_1,1100,QUTZS_XFMR1PIOC/LLN0$DS_XFMR,gcb_1,1729038538.72400,1,47,False,200,False,8,"[False, 0, True, 0, False, 0, True, 0]"
1729038582.259960,20:17:01:16:f0:11,01:0c:cd:01:0c:03,0x3103,165,QUTZS_FDRPIOC/LLN0$GO$gcb_1,1100,QUTZS_FDRPIOC/LLN0$DS_FDR,gcb_1,1729038579.01300,3,8,False,200,False,14,"[False, 0, True, 0, False, 0, False, 0, False, 0, False, 0, False, 0]"
1729038583.037975,20:17:01:16:f0:32,01:0c:cd:01:0c:02,0x3102,146,QUTZS_XFMR2PIOC/LLN0$GO$gcb_1,1100,QUTZS_XFMR2PIOC/LLN0$DS_XFMR,gcb_1,1729038540.52900,1,46,False,200,False,8,"[True, 0, False, 0, False, 0, True, 0]"
1729038583.126060,20:17:01:16:f0:23,01:0c:cd:01:0c:01,0x3101,146,QUTZS_XFMR1PIOC/LLN0$GO$gcb_1,1100,QUTZS_XFMR1PIOC/LLN0$DS_XFMR,gcb_1,1729038538.72400,1,48,False,200,False,8,"[False, 0, True, 0, False, 0, True, 0]"
1729038583.196475,20:17:01:16:f0:11,01:0c:cd:01:0c:03,0x3103,165,QUTZS_FDRPIOC/LLN0$GO$gcb_1,1100,QUTZS_FDRPIOC/LLN0$DS_FDR,gcb_1,1729038579.01300,3,9,False,200,False,14,"[False, 0, True, 0, False, 0, False, 0, False, 0, False, 0, False, 0]"
1729038583.976597,20:17:01:16:f0:32,01:0c:cd:01:0c:02,0x3102,146,QUTZS_XFMR2PIOC/LLN0$GO$gcb_1,1100,QUTZS_XFMR2PIOC/LLN0$DS_XFMR,gcb_1,1729038540.52900,1,47,False,200,False,8,"[True, 0, False, 0, False, 0, True, 0]"
1729038584.048498,20:17:01:16:f0:23,01:0c:cd:01:0c:01,0x3101,146,QUTZS_XFMR1PIOC/LLN0$GO$gcb_1,1100,QUTZS_XFMR1PIOC/LLN0$DS_XFMR,gcb_1,1729038538.72400,1,49,False,200,False,8,"[False, 0, True, 0, False, 0, True, 0]"
1729038584.122518,20:17:01:16:f0:11,01:0c:cd:01:0c:03,0x3103,165,QUTZS_FDRPIOC/LLN0$GO$gcb_1,1100,QUTZS_FDRPIOC/LLN0$DS_FDR,gcb_1,1729038579.01300,3,10,False,200,False,14,"[False, 0, True, 0, False, 0, False, 0, False, 0, False, 0, False, 0]"
1729038584.898550,20:17:01:16:f0:32,01:0c:cd:01:0c:02,0x3102,146,QUTZS_XFMR2PIOC/LLN0$GO$gcb_1,1100,QUTZS_XFMR2PIOC/LLN0$DS_XFMR,gcb_1,1729038540.52900,1,48,False,200,False,8,"[True, 0, False, 0, False, 0, True, 0]"
1729038584.985111,20:17:01:16:f0:23,01:0c:cd:01:0c:01,0x3101,146,QUTZS_XFMR1PIOC/LLN0$GO$gcb_1,1100,QUTZS_XFMR1PIOC/LLN0$DS_XFMR,gcb_1,1729038538.72400,1,50,False,200,False,8,"[False, 0, True, 0, False, 0, True, 0]"
1729038585.050358,20:17:01:16:f0:11,01:0c:cd:01:0c:03,0x3103,165,QUTZS_FDRPIOC/LLN0$GO$gcb_1,1100,QUTZS_FDRPIOC/LLN0$DS_FDR,gcb_1,1729038579.01300,3,11,False,200,False,14,"[False, 0, True, 0, False, 0, False, 0, False, 0, False, 0, False, 0]"
1729038585.819632,20:17:01:16:f0:32,01:0c:cd:01:0c:02,0x3102,146,QUTZS_XFMR2PIOC/LLN0$GO$gcb_1,1100,QUTZS_XFMR2PIOC/LLN0$DS_XFMR,gcb_1,1729038540.52900,1,49,False,200,False,8,"[True, 0, False, 0, False, 0, True, 0]"
1729038585.907944,20:17:01:16:f0:23,01:0c:cd:01:0c:01,0x3101,146,QUTZS_XFMR1PIOC/LLN0$GO$gcb_1,1100,QUTZS_XFMR1PIOC/LLN0$DS_XFMR,gcb_1,1729038538.72400,1,51,False,200,False,8,"[False, 0, True, 0, False, 0, True, 0]"
1729038585.979631,20:17:01:16:f0:11,01:0c:cd:01:0c:03,0x3103,165,QUTZS_FDRPIOC/LLN0$GO$gcb_1,1100,QUTZS_FDRPIOC/LLN0$DS_FDR,gcb_1,1729038579.01300,3,12,False,200,False,14,"[False, 0, True, 0, False, 0, False, 0, False, 0, False, 0, False, 0]"
1729038586.732358,20:17:01:16:f0:32,01:0c:cd:01:0c:02,0x3102,146,QUTZS_XFMR2PIOC/LLN0$GO$gcb_1,1100,QUTZS_XFMR2PIOC/LLN0$DS_XFMR,gcb_1,1729038540.52900,1,50,False,200,False,8,"[True, 0, False, 0, False, 0, True, 0]"
1729038586.824603,20:17:01:16:f0:23,01:0c:cd:01:0c:01,0x3101,146,QUTZS_XFMR1PIOC/LLN0$GO$gcb_1,1100,QUTZS_XFMR1PIOC/LLN0$DS_XFMR,gcb_1,1729038538.72400,1,52,False,200,False,8,"[False, 0, True, 0, False, 0, True, 0]"
1729038586.897245,20:17:01:16:f0:11,01:0c:cd:01:0c:03,0x3103,165,QUTZS_FDRPIOC/LLN0$GO$gcb_1,1100,QUTZS_FDRPIOC/LLN0$DS_FDR,gcb_1,1729038579.01300,3,13,False,200,False,14,"[False, 0, True, 0, False, 0, False, 0, False, 0, False, 0, False, 0]"
1729038587.673403,20:17:01:16:f0:32,01:0c:cd:01:0c:02,0x3102,146,QUTZS_XFMR2PIOC/LLN0$GO$gcb_1,1100,QUTZS_XFMR2PIOC/LLN0$DS_XFMR,gcb_1,1729038540.52900,1,51,False,200,False,8,"[True, 0, False, 0, False, 0, True, 0]"
1729038587.764296,20:17:01:16:f0:23,01:0c:cd:01:0c:01,0x3101,146,QUTZS_XFMR1PIOC/LLN0$GO$gcb_1,1100,QUTZS_XFMR1PIOC/LLN0$DS_XFMR,gcb_1,1729038538.72400,1,53,False,200,False,8,"[False, 0, True, 0, False, 0, True, 0]"
1729038587.814968,20:17:01:16:f0:11,01:0c:cd:01:0c:03,0x3103,165,QUTZS_FDRPIOC/LLN0$GO$gcb_1,1100,QUTZS_FDRPIOC/LLN0$DS_FDR,gcb_1,1729038579.01300,3,14,False,200,False,14,"[False, 0, True, 0, False, 0, False, 0, False, 0, False, 0, False, 0]"
1729038588.602683,20:17:01:16:f0:32,01:0c:cd:01:0c:02,0x3102,146,QUTZS_XFMR2PIOC/LLN0$GO$gcb_1,1100,QUTZS_XFMR2PIOC/LLN0$DS_XFMR,gcb_1,1729038540.52900,1,52,False,200,False,8,"[True, 0, False, 0, False, 0, True, 0]"
1729038588.689126,20:17:01:16:f0:23,01:0c:cd:01:0c:01,0x3101,146,QUTZS_XFMR1PIOC/LLN0$GO$gcb_1,1100,QUTZS_XFMR1PIOC/LLN0$DS_XFMR,gcb_1,1729038538.72400,1,54,False,200,False,8,"[False, 0, True, 0, False, 0, True, 0]"
1729038588.739632,20:17:01:16:f0:11,01:0c:cd:01:0c:03,0x3103,165,QUTZS_FDRPIOC/LLN0$GO$gcb_1,1100,QUTZS_FDRPIOC/LLN0$DS_FDR,gcb_1,1729038579.01300,3,15,False,200,False,14,"[False, 0, True, 0, False, 0, False, 0, False, 0, False, 0, False, 0]"
1729038589.526778,20:17:01:16:f0:32,01:0c:cd:01:0c:02,0x3102,146,QUTZS_XFMR2PIOC/LLN0$GO$gcb_1,1100,QUTZS_XFMR2PIOC/LLN0$DS_XFMR,gcb_1,1729038540.52900,1,53,False,200,False,8,"[True, 0, False, 0, False, 0, True, 0]"
1729038589.611646,20:17:01:16:f0:23,01:0c:cd:01:0c:01,0x3101,146,QUTZS_XFMR1PIOC/LLN0$GO$gcb_1,1100,QUTZS_XFMR1PIOC/LLN0$DS_XFMR,gcb_1,1729038538.72400,1,55,False,200,False,8,"[False, 0, True, 0, False, 0, True, 0]"
1729038589.662565,20:17:01:16:f0:11,01:0c:cd:01:0c:03,0x3103,165,QUTZS_FDRPIOC/LLN0$GO$gcb_1,1100,QUTZS_FDRPIOC/LLN0$DS_FDR,gcb_1,1729038579.01300,3,16,False,200,False,14,"[False, 0, True, 0, False, 0, False, 0, False, 0, False, 0, False, 0]"
1729038590.442180,20:17:01:16:f0:32,01:0c:cd:01:0c:02,0x3102,146,QUTZS_XFMR2PIOC/LLN0$GO$gcb_1,1100,QUTZS_XFMR2PIOC/LLN0$DS_XFMR,gcb_1,1729038540.52900,1,54,False,200,False,8,"[True, 0, False, 0, False, 0, True, 0]"
1729038590.524411,20:17:01:16:f0:23,01:0c:cd:01:0c:01,0x3101,146,QUTZS_XFMR1PIOC/LLN0$GO$gcb_1,1100,QUTZS_XFMR1PIOC/LLN0$DS_XFMR,gcb_1,1729038538.72400,1,56,False,200,False,8,"[False, 0, True, 0, False, 0, True, 0]"
1729038590.567071,20:17:01:16:f0:11,01:0c:cd:01:0c:03,0x3103,165,QUTZS_FDRPIOC/LLN0$GO$gcb_1,1100,QUTZS_FDRPIOC/LLN0$DS_FDR,gcb_1,1729038579.01300,3,17,False,200,False,14,"[False, 0, True, 0, False, 0, False, 0, False, 0, False, 0, False, 0]"
1729038591.373936,20:17:01:16:f0:32,01:0c:cd:01:0c:02,0x3102,146,QUTZS_XFMR2PIOC/LLN0$GO$gcb_1,1100,QUTZS_XFMR2PIOC/LLN0$DS_XFMR,gcb_1,1729038540.52900,1,55,False,200,False,8,"[True, 0, False, 0, False, 0, True, 0]"
1729038591.438153,20:17:01:16:f0:23,01:0c:cd:01:0c:01,0x3101,146,QUTZS_XFMR1PIOC/LLN0$GO$gcb_1,1100,QUTZS_XFMR1PIOC/LLN0$DS_XFMR,gcb_1,1729038538.72400,1,57,False,200,False,8,"[False, 0, True, 0, False, 0, True, 0]"
1729038591.488751,20:17:01:16:f0:11,01:0c:cd:01:0c:03,0x3103,165,QUTZS_FDRPIOC/LLN0$GO$gcb_1,1100,QUTZS_FDRPIOC/LLN0$DS_FDR,gcb_1,1729038579.01300,3,18,False,200,False,14,"[False, 0, True, 0, False, 0, False, 0, False, 0, False, 0, False, 0]"
1729038592.297312,20:17:01:16:f0:32,01:0c:cd:01:0c:02,0x3102,146,QUTZS_XFMR2PIOC/LLN0$GO$gcb_1,1100,QUTZS_XFMR2PIOC/LLN0$DS_XFMR,gcb_1,1729038540.52900,1,56,False,200,False,8,"[True, 0, False, 0, False, 0, True, 0]"
1729038592.347552,20:17:01:16:f0:23,01:0c:cd:01:0c:01,0x3101,146,QUTZS_XFMR1PIOC/LLN0$GO$gcb_1,1100,QUTZS_XFMR1PIOC/LLN0$DS_XFMR,gcb_1,1729038538.72400,1,58,False,200,False,8,"[False, 0, True, 0, False, 0, True, 0]"
1729038592.397341,20:17:01:16:f0:11,01:0c:cd:01:0c:03,0x3103,165,QUTZS_FDRPIOC/LLN0$GO$gcb_1,1100,QUTZS_FDRPIOC/LLN0$DS_FDR,gcb_1,1729038579.01300,3,19,False,200,False,14,"[False, 0, True, 0, False, 0, False, 0, False, 0, False, 0, False, 0]"
1729038593.223649,20:17:01:16:f0:32,01:0c:cd:01:0c:02,0x3102,146,QUTZS_XFMR2PIOC/LLN0$GO$gcb_1,1100,QUTZS_XFMR2PIOC/LLN0$DS_XFMR,gcb_1,1729038540.52900,1,57,False,200,False,8,"[True, 0, False, 0, False, 0, True, 0]"
1729038593.275963,20:17:01:16:f0:23,01:0c:cd:01:0c:01,0x3101,146,QUTZS_XFMR1PIOC/LLN0$GO$gcb_1,1100,QUTZS_XFMR1PIOC/LLN0$DS_XFMR,gcb_1,1729038538.72400,1,59,False,200,False,8,"[False, 0, True, 0, False, 0, True, 0]"
1729038593.308387,20:17:01:16:f0:11,01:0c:cd:01:0c:03,0x3103,165,QUTZS_FDRPIOC/LLN0$GO$gcb_1,1100,QUTZS_FDRPIOC/LLN0$DS_FDR,gcb_1,1729038579.01300,3,20,False,200,False,14,"[False, 0, True, 0, False, 0, False, 0, False, 0, False, 0, False, 0]"
1729038594.157306,20:17:01:16:f0:32,01:0c:cd:01:0c:02,0x3102,146,QUTZS_XFMR2PIOC/LLN0$GO$gcb_1,1100,QUTZS_XFMR2PIOC/LLN0$DS_XFMR,gcb_1,1729038540.52900,1,58,False,200,False,8,"[True, 0, False, 0, False, 0, True, 0]"
1729038594.196313,20:17:01:16:f0:23,01:0c:cd:01:0c:01,0x3101,146,QUTZS_XFMR1PIOC/LLN0$GO$gcb_1,1100,QUTZS_XFMR1PIOC/LLN0$DS_XFMR,gcb_1,1729038538.72400,1,60,False,200,False,8,"[False, 0, True, 0, False, 0, True, 0]"
1729038594.247198,20:17:01:16:f0:11,01:0c:cd:01:0c:03,0x3103,165,QUTZS_FDRPIOC/LLN0$GO$gcb_1,1100,QUTZS_FDRPIOC/LLN0$DS_FDR,gcb_1,1729038579.01300,3,21,False,200,False,14,"[False, 0, True, 0, False, 0, False, 0, False, 0, False, 0, False, 0]"
1729038595.070415,20:17:01:16:f0:32,01:0c:cd:01:0c:02,0x3102,146,QUTZS_XFMR2PIOC/LLN0$GO$gcb_1,1100,QUTZS_XFMR2PIOC/LLN0$DS_XFMR,gcb_1,1729038540.52900,1,59,False,200,False,8,"[True, 0, False, 0, False, 0, True, 0]"
1729038595.116402,20:17:01:16:f0:23,01:0c:cd:01:0c:01,0x3101,146,QUTZS_XFMR1PIOC/LLN0$GO$gcb_1,1100,QUTZS_XFMR1PIOC/LLN0$DS_XFMR,gcb_1,1729038538.72400,1,61,False,200,False,8,"[False, 0, True, 0, False, 0, True, 0]"
1729038595.167147,20:17:01:16:f0:11,01:0c:cd:01:0c:03,0x3103,165,QUTZS_FDRPIOC/LLN0$GO$gcb_1,1100,QUTZS_FDRPIOC/LLN0$DS_FDR,gcb_1,1729038579.01300,3,22,False,200,False,14,"[False, 0, True, 0, False, 0, False, 0, False, 0, False, 0, False, 0]"
1729038595.981883,20:17:01:16:f0:32,01:0c:cd:01:0c:02,0x3102,146,QUTZS_XFMR2PIOC/LLN0$GO$gcb_1,1100,QUTZS_XFMR2PIOC/LLN0$DS_XFMR,gcb_1,1729038540.52900,1,60,False,200,False,8,"[True, 0, False, 0, False, 0, True, 0]"
1729038596.032395,20:17:01:16:f0:23,01:0c:cd:01:0c:01,0x3101,146,QUTZS_XFMR1PIOC/LLN0$GO$gcb_1,1100,QUTZS_XFMR1PIOC/LLN0$DS_XFMR,gcb_1,1729038538.72400,1,62,False,200,False,8,"[False, 0, True, 0, False, 0, True, 0]"
1729038596.095309,20:17:01:16:f0:11,01:0c:cd:01:0c:03,0x3103,165,QUTZS_FDRPIOC/LLN0$GO$gcb_1,1100,QUTZS_FDRPIOC/LLN0$DS_FDR,gcb_1,1729038579.01300,3,23,False,200,False,14,"[False, 0, True, 0, False, 0, False, 0, False, 0, False, 0, False, 0]"
1729038596.913753,20:17:01:16:f0:32,01:0c:cd:01:0c:02,0x3102,146,QUTZS_XFMR2PIOC/LLN0$GO$gcb_1,1100,QUTZS_XFMR2PIOC/LLN0$DS_XFMR,gcb_1,1729038540.52900,1,61,False,200,False,8,"[True, 0, False, 0, False, 0, True, 0]"
1729038596.963604,20:17:01:16:f0:23,01:0c:cd:01:0c:01,0x3101,146,QUTZS_XFMR1PIOC/LLN0$GO$gcb_1,1100,QUTZS_XFMR1PIOC/LLN0$DS_XFMR,gcb_1,1729038538.72400,1,63,False,200,False,8,"[False, 0, True, 0, False, 0, True, 0]"
1729038597.024368,20:17:01:16:f0:11,01:0c:cd:01:0c:03,0x3103,165,QUTZS_FDRPIOC/LLN0$GO$gcb_1,1100,QUTZS_FDRPIOC/LLN0$DS_FDR,gcb_1,1729038579.01300,3,24,False,200,False,14,"[False, 0, True, 0, False, 0, False, 0, False, 0, False, 0, False, 0]"
1729038597.830333,20:17:01:16:f0:32,01:0c:cd:01:0c:02,0x3102,146,QUTZS_XFMR2PIOC/LLN0$GO$gcb_1,1100,QUTZS_XFMR2PIOC/LLN0$DS_XFMR,gcb_1,1729038540.52900,1,62,False,200,False,8,"[True, 0, False, 0, False, 0, True, 0]"
1729038597.890612,20:17:01:16:f0:23,01:0c:cd:01:0c:01,0x3101,146,QUTZS_XFMR1PIOC/LLN0$GO$gcb_1,1100,QUTZS_XFMR1PIOC/LLN0$DS_XFMR,gcb_1,1729038538.72400,1,64,False,200,False,8,"[False, 0, True, 0, False, 0, True, 0]"
1729038597.944740,20:17:01:16:f0:11,01:0c:cd:01:0c:03,0x3103,165,QUTZS_FDRPIOC/LLN0$GO$gcb_1,1100,QUTZS_FDRPIOC/LLN0$DS_FDR,gcb_1,1729038579.01300,3,25,False,200,False,14,"[False, 0, True, 0, False, 0, False, 0, False, 0, False, 0, False, 0]"
1729038598.754526,20:17:01:16:f0:32,01:0c:cd:01:0c:02,0x3102,146,QUTZS_XFMR2PIOC/LLN0$GO$gcb_1,1100,QUTZS_XFMR2PIOC/LLN0$DS_XFMR,gcb_1,1729038540.52900,1,63,False,200,False,8,"[True, 0, False, 0, False, 0, True, 0]"
1729038598.832485,20:17:01:16:f0:23,01:0c:cd:01:0c:01,0x3101,146,QUTZS_XFMR1PIOC/LLN0$GO$gcb_1,1100,QUTZS_XFMR1PIOC/LLN0$DS_XFMR,gcb_1,1729038538.72400,1,65,False,200,False,8,"[False, 0, True, 0, False, 0, True, 0]"
1729038598.873296,20:17:01:16:f0:11,01:0c:cd:01:0c:03,0x3103,165,QUTZS_FDRPIOC/LLN0$GO$gcb_1,1100,QUTZS_FDRPIOC/LLN0$DS_FDR,gcb_1,1729038579.01300,3,26,False,200,False,14,"[False, 0, True, 0, False, 0, False, 0, False, 0, False, 0, False, 0]"
1729038599.681537,20:17:01:16:f0:32,01:0c:cd:01:0c:02,0x3102,146,QUTZS_XFMR2PIOC/LLN0$GO$gcb_1,1100,QUTZS_XFMR2PIOC/LLN0$DS_XFMR,gcb_1,1729038540.52900,1,64,False,200,False,8,"[True, 0, False, 0, False, 0, True, 0]"
1729038599.756126,20:17:01:16:f0:23,01:0c:cd:01:0c:01,0x3101,146,QUTZS_XFMR1PIOC/LLN0$GO$gcb_1,1100,QUTZS_XFMR1PIOC/LLN0$DS_XFMR,gcb_1,1729038538.72400,1,66,False,200,False,8,"[False, 0, True, 0, False, 0, True, 0]"
1729038599.790706,20:17:01:16:f0:11,01:0c:cd:01:0c:03,0x3103,165,QUTZS_FDRPIOC/LLN0$GO$gcb_1,1100,QUTZS_FDRPIOC/LLN0$DS_FDR,gcb_1,1729038579.01300,3,27,False,200,False,14,"[False, 0, True, 0, False, 0, False, 0, False, 0, False, 0, False, 0]"
1729038600.620829,20:17:01:16:f0:32,01:0c:cd:01:0c:02,0x3102,146,QUTZS_XFMR2PIOC/LLN0$GO$gcb_1,1100,QUTZS_XFMR2PIOC/LLN0$DS_XFMR,gcb_1,1729038540.52900,1,65,False,200,False,8,"[True, 0, False, 0, False, 0, True, 0]"
1729038600.680510,20:17:01:16:f0:23,01:0c:cd:01:0c:01,0x3101,146,QUTZS_XFMR1PIOC/LLN0$GO$gcb_1,1100,QUTZS_XFMR1PIOC/LLN0$DS_XFMR,gcb_1,1729038538.72400,1,67,False,200,False,8,"[False, 0, True, 0, False, 0, True, 0]"
1729038600.714935,20:17:01:16:f0:11,01:0c:cd:01:0c:03,0x3103,165,QUTZS_FDRPIOC/LLN0$GO$gcb_1,1100,QUTZS_FDRPIOC/LLN0$DS_FDR,gcb_1,1729038579.01300,3,28,False,200,False,14,"[False, 0, True, 0, False, 0, False, 0, False, 0, False, 0, False, 0]"
1729038601.560767,20:17:01:16:f0:32,01:0c:cd:01:0c:02,0x3102,146,QUTZS_XFMR2PIOC/LLN0$GO$gcb_1,1100,QUTZS_XFMR2PIOC/LLN0$DS_XFMR,gcb_1,1729038540.52900,1,66,False,200,False,8,"[True, 0, False, 0, False, 0, True, 0]"
1729038601.619051,20:17:01:16:f0:23,01:0c:cd:01:0c:01,0x3101,146,QUTZS_XFMR1PIOC/LLN0$GO$gcb_1,1100,QUTZS_XFMR1PIOC/LLN0$DS_XFMR,gcb_1,1729038538.72400,1,68,False,200,False,8,"[False, 0, True, 0, False, 0, True, 0]"
1729038601.656944,20:17:01:16:f0:11,01:0c:cd:01:0c:03,0x3103,165,QUTZS_FDRPIOC/LLN0$GO$gcb_1,1100,QUTZS_FDRPIOC/LLN0$DS_FDR,gcb_1,1729038579.01300,3,29,False,200,False,14,"[False, 0, True, 0, False, 0, False, 0, False, 0, False, 0, False, 0]"
1729038602.489414,20:17:01:16:f0:32,01:0c:cd:01:0c:02,0x3102,146,QUTZS_XFMR2PIOC/LLN0$GO$gcb_1,1100,QUTZS_XFMR2PIOC/LLN0$DS_XFMR,gcb_1,1729038540.52900,1,67,False,200,False,8,"[True, 0, False, 0, False, 0, True, 0]"
1729038602.546830,20:17:01:16:f0:23,01:0c:cd:01:0c:01,0x3101,146,QUTZS_XFMR1PIOC/LLN0$GO$gcb_1,1100,QUTZS_XFMR1PIOC/LLN0$DS_XFMR,gcb_1,1729038538.72400,1,69,False,200,False,8,"[False, 0, True, 0, False, 0, True, 0]"
1729038602.576072,20:17:01:16:f0:11,01:0c:cd:01:0c:03,0x3103,165,QUTZS_FDRPIOC/LLN0$GO$gcb_1,1100,QUTZS_FDRPIOC/LLN0$DS_FDR,gcb_1,1729038579.01300,3,30,False,200,False,14,"[False, 0, True, 0, False, 0, False, 0, False, 0, False, 0, False, 0]"
1729038603.416966,20:17:01:16:f0:32,01:0c:cd:01:0c:02,0x3102,146,QUTZS_XFMR2PIOC/LLN0$GO$gcb_1,1100,QUTZS_XFMR2PIOC/LLN0$DS_XFMR,gcb_1,1729038540.52900,1,68,False,200,False,8,"[True, 0, False, 0, False, 0, True, 0]"
1729038603.477234,20:17:01:16:f0:23,01:0c:cd:01:0c:01,0x3101,146,QUTZS_XFMR1PIOC/LLN0$GO$gcb_1,1100,QUTZS_XFMR1PIOC/LLN0$DS_XFMR,gcb_1,1729038538.72400,1,70,False,200,False,8,"[False, 0, True, 0, False, 0, True, 0]"
1729038603.513260,20:17:01:16:f0:11,01:0c:cd:01:0c:03,0x3103,165,QUTZS_FDRPIOC/LLN0$GO$gcb_1,1100,QUTZS_FDRPIOC/LLN0$DS_FDR,gcb_1,1729038579.01300,3,31,False,200,False,14,"[False, 0, True, 0, False, 0, False, 0, False, 0, False, 0, False, 0]"
1729038604.085037,20:17:01:16:f0:11,01:0c:cd:01:0c:03,0x3103,165,QUTZS_FDRPIOC/LLN0$GO$gcb_1,1100,QUTZS_FDRPIOC/LLN0$DS_FDR,gcb_1,1729038603.95200,4,0,False,200,False,14,"[False, 0, True, 0, False, 0, True, 0, False, 0, False, 0, False, 0]"
1729038604.091469,20:17:01:16:f0:11,01:0c:cd:01:0c:03,0x3103,165,QUTZS_FDRPIOC/LLN0$GO$gcb_1,1100,QUTZS_FDRPIOC/LLN0$DS_FDR,gcb_1,1729038603.95200,4,1,False,200,False,14,"[False, 0, True, 0, False, 0, True, 0, False, 0, False, 0, False, 0]"
1729038604.097035,20:17:01:16:f0:11,01:0c:cd:01:0c:03,0x3103,165,QUTZS_FDRPIOC/LLN0$GO$gcb_1,1100,QUTZS_FDRPIOC/LLN0$DS_FDR,gcb_1,1729038603.95200,4,2,False,200,False,14,"[False, 0, True, 0, False, 0, True, 0, False, 0, False, 0, False, 0]"
1729038604.113130,20:17:01:16:f0:11,01:0c:cd:01:0c:03,0x3103,165,QUTZS_FDRPIOC/LLN0$GO$gcb_1,1100,QUTZS_FDRPIOC/LLN0$DS_FDR,gcb_1,1729038603.95200,4,3,False,200,False,14,"[False, 0, True, 0, False, 0, True, 0, False, 0, False, 0, False, 0]"
1729038604.178090,20:17:01:16:f0:11,01:0c:cd:01:0c:03,0x3103,165,QUTZS_FDRPIOC/LLN0$GO$gcb_1,1100,QUTZS_FDRPIOC/LLN0$DS_FDR,gcb_1,1729038603.95200,4,4,False,200,False,14,"[False, 0, True, 0, False, 0, True, 0, False, 0, False, 0, False, 0]"
1729038604.351906,20:17:01:16:f0:32,01:0c:cd:01:0c:02,0x3102,146,QUTZS_XFMR2PIOC/LLN0$GO$gcb_1,1100,QUTZS_XFMR2PIOC/LLN0$DS_XFMR,gcb_1,1729038540.52900,1,69,False,200,False,8,"[True, 0, False, 0, False, 0, True, 0]"
1729038604.422996,20:17:01:16:f0:23,01:0c:cd:01:0c:01,0x3101,146,QUTZS_XFMR1PIOC/LLN0$GO$gcb_1,1100,QUTZS_XFMR1PIOC/LLN0$DS_XFMR,gcb_1,1729038538.72400,1,71,False,200,False,8,"[False, 0, True, 0, False, 0, True, 0]"
1729038604.434721,20:17:01:16:f0:11,01:0c:cd:01:0c:03,0x3103,165,QUTZS_FDRPIOC/LLN0$GO$gcb_1,1100,QUTZS_FDRPIOC/LLN0$DS_FDR,gcb_1,1729038603.95200,4,5,False,200,False,14,"[False, 0, True, 0, False, 0, True, 0, False, 0, False, 0, False, 0]"
1729038605.273708,20:17:01:16:f0:32,01:0c:cd:01:0c:02,0x3102,146,QUTZS_XFMR2PIOC/LLN0$GO$gcb_1,1100,QUTZS_XFMR2PIOC/LLN0$DS_XFMR,gcb_1,1729038540.52900,1,70,False,200,False,8,"[True, 0, False, 0, False, 0, True, 0]"
1729038605.349310,20:17:01:16:f0:11,01:0c:cd:01:0c:03,0x3103,165,QUTZS_FDRPIOC/LLN0$GO$gcb_1,1100,QUTZS_FDRPIOC/LLN0$DS_FDR,gcb_1,1729038603.95200,4,6,False,200,False,14,"[False, 0, True, 0, False, 0, True, 0, False, 0, False, 0, False, 0]"
1729038605.360104,20:17:01:16:f0:23,01:0c:cd:01:0c:01,0x3101,146,QUTZS_XFMR1PIOC/LLN0$GO$gcb_1,1100,QUTZS_XFMR1PIOC/LLN0$DS_XFMR,gcb_1,1729038538.72400,1,72,False,200,False,8,"[False, 0, True, 0, False, 0, True, 0]"
1729038606.187057,20:17:01:16:f0:32,01:0c:cd:01:0c:02,0x3102,146,QUTZS_XFMR2PIOC/LLN0$GO$gcb_1,1100,QUTZS_XFMR2PIOC/LLN0$DS_XFMR,gcb_1,1729038540.52900,1,71,False,200,False,8,"[True, 0, False, 0, False, 0, True, 0]"
1729038606.261657,20:17:01:16:f0:11,01:0c:cd:01:0c:03,0x3103,165,QUTZS_FDRPIOC/LLN0$GO$gcb_1,1100,QUTZS_FDRPIOC/LLN0$DS_FDR,gcb_1,1729038603.95200,4,7,False,200,False,14,"[False, 0, True, 0, False, 0, True, 0, False, 0, False, 0, False, 0]"
1729038606.288385,20:17:01:16:f0:23,01:0c:cd:01:0c:01,0x3101,146,QUTZS_XFMR1PIOC/LLN0$GO$gcb_1,1100,QUTZS_XFMR1PIOC/LLN0$DS_XFMR,gcb_1,1729038538.72400,1,73,False,200,False,8,"[False, 0, True, 0, False, 0, True, 0]"
1729038607.112525,20:17:01:16:f0:32,01:0c:cd:01:0c:02,0x3102,146,QUTZS_XFMR2PIOC/LLN0$GO$gcb_1,1100,QUTZS_XFMR2PIOC/LLN0$DS_XFMR,gcb_1,1729038540.52900,1,72,False,200,False,8,"[True, 0, False, 0, False, 0, True, 0]"
1729038607.185719,20:17:01:16:f0:11,01:0c:cd:01:0c:03,0x3103,165,QUTZS_FDRPIOC/LLN0$GO$gcb_1,1100,QUTZS_FDRPIOC/LLN0$DS_FDR,gcb_1,1729038603.95200,4,8,False,200,False,14,"[False, 0, True, 0, False, 0, True, 0, False, 0, False, 0, False, 0]"
1729038607.233371,20:17:01:16:f0:23,01:0c:cd:01:0c:01,0x3101,146,QUTZS_XFMR1PIOC/LLN0$GO$gcb_1,1100,QUTZS_XFMR1PIOC/LLN0$DS_XFMR,gcb_1,1729038538.72400,1,74,False,200,False,8,"[False, 0, True, 0, False, 0, True, 0]"
1729038608.034746,20:17:01:16:f0:32,01:0c:cd:01:0c:02,0x3102,146,QUTZS_XFMR2PIOC/LLN0$GO$gcb_1,1100,QUTZS_XFMR2PIOC/LLN0$DS_XFMR,gcb_1,1729038540.52900,1,73,False,200,False,8,"[True, 0, False, 0, False, 0, True, 0]"
1729038608.102869,20:17:01:16:f0:11,01:0c:cd:01:0c:03,0x3103,165,QUTZS_FDRPIOC/LLN0$GO$gcb_1,1100,QUTZS_FDRPIOC/LLN0$DS_FDR,gcb_1,1729038603.95200,4,9,False,200,False,14,"[False, 0, True, 0, False, 0, True, 0, False, 0, False, 0, False, 0]"
1729038608.138946,20:17:01:16:f0:23,01:0c:cd:01:0c:01,0x3101,146,QUTZS_XFMR1PIOC/LLN0$GO$gcb_1,1100,QUTZS_XFMR1PIOC/LLN0$DS_XFMR,gcb_1,1729038538.72400,1,75,False,200,False,8,"[False, 0, True, 0, False, 0, True, 0]"
1729038608.955772,20:17:01:16:f0:32,01:0c:cd:01:0c:02,0x3102,146,QUTZS_XFMR2PIOC/LLN0$GO$gcb_1,1100,QUTZS_XFMR2PIOC/LLN0$DS_XFMR,gcb_1,1729038540.52900,1,74,False,200,False,8,"[True, 0, False, 0, False, 0, True, 0]"
1729038609.017551,20:17:01:16:f0:11,01:0c:cd:01:0c:03,0x3103,165,QUTZS_FDRPIOC/LLN0$GO$gcb_1,1100,QUTZS_FDRPIOC/LLN0$DS_FDR,gcb_1,1729038603.95200,4,10,False,200,False,14,"[False, 0, True, 0, False, 0, True, 0, False, 0, False, 0, False, 0]"
1729038609.072291,20:17:01:16:f0:23,01:0c:cd:01:0c:01,0x3101,146,QUTZS_XFMR1PIOC/LLN0$GO$gcb_1,1100,QUTZS_XFMR1PIOC/LLN0$DS_XFMR,gcb_1,1729038538.72400,1,76,False,200,False,8,"[False, 0, True, 0, False, 0, True, 0]"
1729038609.872162,20:17:01:16:f0:32,01:0c:cd:01:0c:02,0x3102,146,QUTZS_XFMR2PIOC/LLN0$GO$gcb_1,1100,QUTZS_XFMR2PIOC/LLN0$DS_XFMR,gcb_1,1729038540.52900,1,75,False,200,False,8,"[True, 0, False, 0, False, 0, True, 0]"
1729038609.938901,20:17:01:16:f0:11,01:0c:cd:01:0c:03,0x3103,165,QUTZS_FDRPIOC/LLN0$GO$gcb_1,1100,QUTZS_FDRPIOC/LLN0$DS_FDR,gcb_1,1729038603.95200,4,11,False,200,False,14,"[False, 0, True, 0, False, 0, True, 0, False, 0, False, 0, False, 0]"
1729038609.982914,20:17:01:16:f0:23,01:0c:cd:01:0c:01,0x3101,146,QUTZS_XFMR1PIOC/LLN0$GO$gcb_1,1100,QUTZS_XFMR1PIOC/LLN0$DS_XFMR,gcb_1,1729038538.72400,1,77,False,200,False,8,"[False, 0, True, 0, False, 0, True, 0]"
1729038610.797548,20:17:01:16:f0:32,01:0c:cd:01:0c:02,0x3102,146,QUTZS_XFMR2PIOC/LLN0$GO$gcb_1,1100,QUTZS_XFMR2PIOC/LLN0$DS_XFMR,gcb_1,1729038540.52900,1,76,False,200,False,8,"[True, 0, False, 0, False, 0, True, 0]"
1729038610.863955,20:17:01:16:f0:11,01:0c:cd:01:0c:03,0x3103,165,QUTZS_FDRPIOC/LLN0$GO$gcb_1,1100,QUTZS_FDRPIOC/LLN0$DS_FDR,gcb_1,1729038603.95200,4,12,False,200,False,14,"[False, 0, True, 0, False, 0, True, 0, False, 0, False, 0, False, 0]"
1729038610.913537,20:17:01:16:f0:23,01:0c:cd:01:0c:01,0x3101,146,QUTZS_XFMR1PIOC/LLN0$GO$gcb_1,1100,QUTZS_XFMR1PIOC/LLN0$DS_XFMR,gcb_1,1729038538.72400,1,78,False,200,False,8,"[False, 0, True, 0, False, 0, True, 0]"
1729038611.735447,20:17:01:16:f0:32,01:0c:cd:01:0c:02,0x3102,146,QUTZS_XFMR2PIOC/LLN0$GO$gcb_1,1100,QUTZS_XFMR2PIOC/LLN0$DS_XFMR,gcb_1,1729038540.52900,1,77,False,200,False,8,"[True, 0, False, 0, False, 0, True, 0]"
1729038611.779591,20:17:01:16:f0:11,01:0c:cd:01:0c:03,0x3103,165,QUTZS_FDRPIOC/LLN0$GO$gcb_1,1100,QUTZS_FDRPIOC/LLN0$DS_FDR,gcb_1,1729038603.95200,4,13,False,200,False,14,"[False, 0, True, 0, False, 0, True, 0, False, 0, False, 0, False, 0]"
1729038611.836287,20:17:01:16:f0:23,01:0c:cd:01:0c:01,0x3101,146,QUTZS_XFMR1PIOC/LLN0$GO$gcb_1,1100,QUTZS_XFMR1PIOC/LLN0$DS_XFMR,gcb_1,1729038538.72400,1,79,False,200,False,8,"[False, 0, True, 0, False, 0, True, 0]"
1729038612.647713,20:17:01:16:f0:32,01:0c:cd:01:0c:02,0x3102,146,QUTZS_XFMR2PIOC/LLN0$GO$gcb_1,1100,QUTZS_XFMR2PIOC/LLN0$DS_XFMR,gcb_1,1729038540.52900,1,78,False,200,False,8,"[True, 0, False, 0, False, 0, True, 0]"
1729038612.697911,20:17:01:16:f0:11,01:0c:cd:01:0c:03,0x3103,165,QUTZS_FDRPIOC/LLN0$GO$gcb_1,1100,QUTZS_FDRPIOC/LLN0$DS_FDR,gcb_1,1729038603.95200,4,14,False,200,False,14,"[False, 0, True, 0, False, 0, True, 0, False, 0, False, 0, False, 0]"
1729038612.754706,20:17:01:16:f0:23,01:0c:cd:01:0c:01,0x3101,146,QUTZS_XFMR1PIOC/LLN0$GO$gcb_1,1100,QUTZS_XFMR1PIOC/LLN0$DS_XFMR,gcb_1,1729038538.72400,1,80,False,200,False,8,"[False, 0, True, 0, False, 0, True, 0]"
1729038613.571416,20:17:01:16:f0:32,01:0c:cd:01:0c:02,0x3102,146,QUTZS_XFMR2PIOC/LLN0$GO$gcb_1,1100,QUTZS_XFMR2PIOC/LLN0$DS_XFMR,gcb_1,1729038540.52900,1,79,False,200,False,8,"[True, 0, False, 0, False, 0, True, 0]"
1729038613.609380,20:17:01:16:f0:11,01:0c:cd:01:0c:03,0x3103,165,QUTZS_FDRPIOC/LLN0$GO$gcb_1,1100,QUTZS_FDRPIOC/LLN0$DS_FDR,gcb_1,1729038603.95200,4,15,False,200,False,14,"[False, 0, True, 0, False, 0, True, 0, False, 0, False, 0, False, 0]"
1729038613.674811,20:17:01:16:f0:23,01:0c:cd:01:0c:01,0x3101,146,QUTZS_XFMR1PIOC/LLN0$GO$gcb_1,1100,QUTZS_XFMR1PIOC/LLN0$DS_XFMR,gcb_1,1729038538.72400,1,81,False,200,False,8,"[False, 0, True, 0, False, 0, True, 0]"
1729038614.498197,20:17:01:16:f0:32,01:0c:cd:01:0c:02,0x3102,146,QUTZS_XFMR2PIOC/LLN0$GO$gcb_1,1100,QUTZS_XFMR2PIOC/LLN0$DS_XFMR,gcb_1,1729038540.52900,1,80,False,200,False,8,"[True, 0, False, 0, False, 0, True, 0]"
1729038614.551236,20:17:01:16:f0:11,01:0c:cd:01:0c:03,0x3103,165,QUTZS_FDRPIOC/LLN0$GO$gcb_1,1100,QUTZS_FDRPIOC/LLN0$DS_FDR,gcb_1,1729038603.95200,4,16,False,200,False,14,"[False, 0, True, 0, False, 0, True, 0, False, 0, False, 0, False, 0]"
1729038614.607372,20:17:01:16:f0:23,01:0c:cd:01:0c:01,0x3101,146,QUTZS_XFMR1PIOC/LLN0$GO$gcb_1,1100,QUTZS_XFMR1PIOC/LLN0$DS_XFMR,gcb_1,1729038538.72400,1,82,False,200,False,8,"[False, 0, True, 0, False, 0, True, 0]"
1729038615.421896,20:17:01:16:f0:32,01:0c:cd:01:0c:02,0x3102,146,QUTZS_XFMR2PIOC/LLN0$GO$gcb_1,1100,QUTZS_XFMR2PIOC/LLN0$DS_XFMR,gcb_1,1729038540.52900,1,81,False,200,False,8,"[True, 0, False, 0, False, 0, True, 0]"
1729038615.466683,20:17:01:16:f0:11,01:0c:cd:01:0c:03,0x3103,165,QUTZS_FDRPIOC/LLN0$GO$gcb_1,1100,QUTZS_FDRPIOC/LLN0$DS_FDR,gcb_1,1729038603.95200,4,17,False,200,False,14,"[False, 0, True, 0, False, 0, True, 0, False, 0, False, 0, False, 0]"
1729038615.528624,20:17:01:16:f0:23,01:0c:cd:01:0c:01,0x3101,146,QUTZS_XFMR1PIOC/LLN0$GO$gcb_1,1100,QUTZS_XFMR1PIOC/LLN0$DS_XFMR,gcb_1,1729038538.72400,1,83,False,200,False,8,"[False, 0, True, 0, False, 0, True, 0]"
1729038616.338836,20:17:01:16:f0:32,01:0c:cd:01:0c:02,0x3102,146,QUTZS_XFMR2PIOC/LLN0$GO$gcb_1,1100,QUTZS_XFMR2PIOC/LLN0$DS_XFMR,gcb_1,1729038540.52900,1,82,False,200,False,8,"[True, 0, False, 0, False, 0, True, 0]"
1729038616.384185,20:17:01:16:f0:11,01:0c:cd:01:0c:03,0x3103,165,QUTZS_FDRPIOC/LLN0$GO$gcb_1,1100,QUTZS_FDRPIOC/LLN0$DS_FDR,gcb_1,1729038603.95200,4,18,False,200,False,14,"[False, 0, True, 0, False, 0, True, 0, False, 0, False, 0, False, 0]"
1729038616.445576,20:17:01:16:f0:23,01:0c:cd:01:0c:01,0x3101,146,QUTZS_XFMR1PIOC/LLN0$GO$gcb_1,1100,QUTZS_XFMR1PIOC/LLN0$DS_XFMR,gcb_1,1729038538.72400,1,84,False,200,False,8,"[False, 0, True, 0, False, 0, True, 0]"
1729038617.272691,20:17:01:16:f0:32,01:0c:cd:01:0c:02,0x3102,146,QUTZS_XFMR2PIOC/LLN0$GO$gcb_1,1100,QUTZS_XFMR2PIOC/LLN0$DS_XFMR,gcb_1,1729038540.52900,1,83,False,200,False,8,"[True, 0, False, 0, False, 0, True, 0]"
1729038617.302320,20:17:01:16:f0:11,01:0c:cd:01:0c:03,0x3103,165,QUTZS_FDRPIOC/LLN0$GO$gcb_1,1100,QUTZS_FDRPIOC/LLN0$DS_FDR,gcb_1,1729038603.95200,4,19,False,200,False,14,"[False, 0, True, 0, False, 0, True, 0, False, 0, False, 0, False, 0]"
1729038617.373386,20:17:01:16:f0:23,01:0c:cd:01:0c:01,0x3101,146,QUTZS_XFMR1PIOC/LLN0$GO$gcb_1,1100,QUTZS_XFMR1PIOC/LLN0$DS_XFMR,gcb_1,1729038538.72400,1,85,False,200,False,8,"[False, 0, True, 0, False, 0, True, 0]"
1729038618.191088,20:17:01:16:f0:32,01:0c:cd:01:0c:02,0x3102,146,QUTZS_XFMR2PIOC/LLN0$GO$gcb_1,1100,QUTZS_XFMR2PIOC/LLN0$DS_XFMR,gcb_1,1729038540.52900,1,84,False,200,False,8,"[True, 0, False, 0, False, 0, True, 0]"
1729038618.219669,20:17:01:16:f0:11,01:0c:cd:01:0c:03,0x3103,165,QUTZS_FDRPIOC/LLN0$GO$gcb_1,1100,QUTZS_FDRPIOC/LLN0$DS_FDR,gcb_1,1729038603.95200,4,20,False,200,False,14,"[False, 0, True, 0, False, 0, True, 0, False, 0, False, 0, False, 0]"
1729038618.297711,20:17:01:16:f0:23,01:0c:cd:01:0c:01,0x3101,146,QUTZS_XFMR1PIOC/LLN0$GO$gcb_1,1100,QUTZS_XFMR1PIOC/LLN0$DS_XFMR,gcb_1,1729038538.72400,1,86,False,200,False,8,"[False, 0, True, 0, False, 0, True, 0]"
1729038619.104463,20:17:01:16:f0:32,01:0c:cd:01:0c:02,0x3102,146,QUTZS_XFMR2PIOC/LLN0$GO$gcb_1,1100,QUTZS_XFMR2PIOC/LLN0$DS_XFMR,gcb_1,1729038540.52900,1,85,False,200,False,8,"[True, 0, False, 0, False, 0, True, 0]"
1729038619.154784,20:17:01:16:f0:11,01:0c:cd:01:0c:03,0x3103,165,QUTZS_FDRPIOC/LLN0$GO$gcb_1,1100,QUTZS_FDRPIOC/LLN0$DS_FDR,gcb_1,1729038603.95200,4,21,False,200,False,14,"[False, 0, True, 0, False, 0, True, 0, False, 0, False, 0, False, 0]"
1729038619.217844,20:17:01:16:f0:23,01:0c:cd:01:0c:01,0x3101,146,QUTZS_XFMR1PIOC/LLN0$GO$gcb_1,1100,QUTZS_XFMR1PIOC/LLN0$DS_XFMR,gcb_1,1729038538.72400,1,87,False,200,False,8,"[False, 0, True, 0, False, 0, True, 0]"
1729038620.028022,20:17:01:16:f0:32,01:0c:cd:01:0c:02,0x3102,146,QUTZS_XFMR2PIOC/LLN0$GO$gcb_1,1100,QUTZS_XFMR2PIOC/LLN0$DS_XFMR,gcb_1,1729038540.52900,1,86,False,200,False,8,"[True, 0, False, 0, False, 0, True, 0]"
1729038620.061399,20:17:01:16:f0:11,01:0c:cd:01:0c:03,0x3103,165,QUTZS_FDRPIOC/LLN0$GO$gcb_1,1100,QUTZS_FDRPIOC/LLN0$DS_FDR,gcb_1,1729038603.95200,4,22,False,200,False,14,"[False, 0, True, 0, False, 0, True, 0, False, 0, False, 0, False, 0]"
1729038620.131835,20:17:01:16:f0:23,01:0c:cd:01:0c:01,0x3101,146,QUTZS_XFMR1PIOC/LLN0$GO$gcb_1,1100,QUTZS_XFMR1PIOC/LLN0$DS_XFMR,gcb_1,1729038538.72400,1,88,False,200,False,8,"[False, 0, True, 0, False, 0, True, 0]"
1729038620.949222,20:17:01:16:f0:32,01:0c:cd:01:0c:02,0x3102,146,QUTZS_XFMR2PIOC/LLN0$GO$gcb_1,1100,QUTZS_XFMR2PIOC/LLN0$DS_XFMR,gcb_1,1729038540.52900,1,87,False,200,False,8,"[True, 0, False, 0, False, 0, True, 0]"
1729038620.997109,20:17:01:16:f0:11,01:0c:cd:01:0c:03,0x3103,165,QUTZS_FDRPIOC/LLN0$GO$gcb_1,1100,QUTZS_FDRPIOC/LLN0$DS_FDR,gcb_1,1729038603.95200,4,23,False,200,False,14,"[False, 0, True, 0, False, 0, True, 0, False, 0, False, 0, False, 0]"
1729038621.056684,20:17:01:16:f0:23,01:0c:cd:01:0c:01,0x3101,146,QUTZS_XFMR1PIOC/LLN0$GO$gcb_1,1100,QUTZS_XFMR1PIOC/LLN0$DS_XFMR,gcb_1,1729038538.72400,1,89,False,200,False,8,"[False, 0, True, 0, False, 0, True, 0]"
1729038621.875477,20:17:01:16:f0:32,01:0c:cd:01:0c:02,0x3102,146,QUTZS_XFMR2PIOC/LLN0$GO$gcb_1,1100,QUTZS_XFMR2PIOC/LLN0$DS_XFMR,gcb_1,1729038540.52900,1,88,False,200,False,8,"[True, 0, False, 0, False, 0, True, 0]"
1729038621.937031,20:17:01:16:f0:11,01:0c:cd:01:0c:03,0x3103,165,QUTZS_FDRPIOC/LLN0$GO$gcb_1,1100,QUTZS_FDRPIOC/LLN0$DS_FDR,gcb_1,1729038603.95200,4,24,False,200,False,14,"[False, 0, True, 0, False, 0, True, 0, False, 0, False, 0, False, 0]"
1729038621.989829,20:17:01:16:f0:23,01:0c:cd:01:0c:01,0x3101,146,QUTZS_XFMR1PIOC/LLN0$GO$gcb_1,1100,QUTZS_XFMR1PIOC/LLN0$DS_XFMR,gcb_1,1729038538.72400,1,90,False,200,False,8,"[False, 0, True, 0, False, 0, True, 0]"
1729038622.803314,20:17:01:16:f0:32,01:0c:cd:01:0c:02,0x3102,146,QUTZS_XFMR2PIOC/LLN0$GO$gcb_1,1100,QUTZS_XFMR2PIOC/LLN0$DS_XFMR,gcb_1,1729038540.52900,1,89,False,200,False,8,"[True, 0, False, 0, False, 0, True, 0]"
1729038622.865928,20:17:01:16:f0:11,01:0c:cd:01:0c:03,0x3103,165,QUTZS_FDRPIOC/LLN0$GO$gcb_1,1100,QUTZS_FDRPIOC/LLN0$DS_FDR,gcb_1,1729038603.95200,4,25,False,200,False,14,"[False, 0, True, 0, False, 0, True, 0, False, 0, False, 0, False, 0]"
1729038622.912735,20:17:01:16:f0:23,01:0c:cd:01:0c:01,0x3101,146,QUTZS_XFMR1PIOC/LLN0$GO$gcb_1,1100,QUTZS_XFMR1PIOC/LLN0$DS_XFMR,gcb_1,1729038538.72400,1,91,False,200,False,8,"[False, 0, True, 0, False, 0, True, 0]"
1729038623.729779,20:17:01:16:f0:32,01:0c:cd:01:0c:02,0x3102,146,QUTZS_XFMR2PIOC/LLN0$GO$gcb_1,1100,QUTZS_XFMR2PIOC/LLN0$DS_XFMR,gcb_1,1729038540.52900,1,90,False,200,False,8,"[True, 0, False, 0, False, 0, True, 0]"
1729038623.832810,20:17:01:16:f0:11,01:0c:cd:01:0c:03,0x3103,165,QUTZS_FDRPIOC/LLN0$GO$gcb_1,1100,QUTZS_FDRPIOC/LLN0$DS_FDR,gcb_1,1729038603.95200,4,26,False,200,False,14,"[False, 0, True, 0, False, 0, True, 0, False, 0, False, 0, False, 0]"
1729038623.865175,20:17:01:16:f0:23,01:0c:cd:01:0c:01,0x3101,146,QUTZS_XFMR1PIOC/LLN0$GO$gcb_1,1100,QUTZS_XFMR1PIOC/LLN0$DS_XFMR,gcb_1,1729038538.72400,1,92,False,200,False,8,"[False, 0, True, 0, False, 0, True, 0]"
1729038623.988238,20:17:01:16:f0:11,01:0c:cd:01:0c:03,0x3103,165,QUTZS_FDRPIOC/LLN0$GO$gcb_1,1100,QUTZS_FDRPIOC/LLN0$DS_FDR,gcb_1,1729038623.85500,5,0,False,200,False,14,"[False, 0, True, 0, False, 0, False, 0, False, 0, False, 0, False, 0]"
1729038623.989436,20:17:01:16:f0:11,01:0c:cd:01:0c:03,0x3103,165,QUTZS_FDRPIOC/LLN0$GO$gcb_1,1100,QUTZS_FDRPIOC/LLN0$DS_FDR,gcb_1,1729038623.85500,5,1,False,200,False,14,"[False, 0, True, 0, False, 0, False, 0, False, 0, False, 0, False, 0]"
1729038623.993737,20:17:01:16:f0:11,01:0c:cd:01:0c:03,0x3103,165,QUTZS_FDRPIOC/LLN0$GO$gcb_1,1100,QUTZS_FDRPIOC/LLN0$DS_FDR,gcb_1,1729038623.85500,5,2,False,200,False,14,"[False, 0, True, 0, False, 0, False, 0, False, 0, False, 0, False, 0]"
1729038624.011102,20:17:01:16:f0:11,01:0c:cd:01:0c:03,0x3103,165,QUTZS_FDRPIOC/LLN0$GO$gcb_1,1100,QUTZS_FDRPIOC/LLN0$DS_FDR,gcb_1,1729038623.85500,5,3,False,200,False,14,"[False, 0, True, 0, False, 0, False, 0, False, 0, False, 0, False, 0]"
1729038624.075351,20:17:01:16:f0:11,01:0c:cd:01:0c:03,0x3103,165,QUTZS_FDRPIOC/LLN0$GO$gcb_1,1100,QUTZS_FDRPIOC/LLN0$DS_FDR,gcb_1,1729038623.85500,5,4,False,200,False,14,"[False, 0, True, 0, False, 0, False, 0, False, 0, False, 0, False, 0]"
1729038624.332298,20:17:01:16:f0:11,01:0c:cd:01:0c:03,0x3103,165,QUTZS_FDRPIOC/LLN0$GO$gcb_1,1100,QUTZS_FDRPIOC/LLN0$DS_FDR,gcb_1,1729038623.85500,5,5,False,200,False,14,"[False, 0, True, 0, False, 0, False, 0, False, 0, False, 0, False, 0]"
1729038624.687030,20:17:01:16:f0:32,01:0c:cd:01:0c:02,0x3102,146,QUTZS_XFMR2PIOC/LLN0$GO$gcb_1,1100,QUTZS_XFMR2PIOC/LLN0$DS_XFMR,gcb_1,1729038540.52900,1,91,False,200,False,8,"[True, 0, False, 0, False, 0, True, 0]"
1729038624.775737,20:17:01:16:f0:23,01:0c:cd:01:0c:01,0x3101,146,QUTZS_XFMR1PIOC/LLN0$GO$gcb_1,1100,QUTZS_XFMR1PIOC/LLN0$DS_XFMR,gcb_1,1729038538.72400,1,93,False,200,False,8,"[False, 0, True, 0, False, 0, True, 0]"
1729038625.255040,20:17:01:16:f0:11,01:0c:cd:01:0c:03,0x3103,165,QUTZS_FDRPIOC/LLN0$GO$gcb_1,1100,QUTZS_FDRPIOC/LLN0$DS_FDR,gcb_1,1729038623.85500,5,6,False,200,False,14,"[False, 0, True, 0, False, 0, False, 0, False, 0, False, 0, False, 0]"
1729038625.618359,20:17:01:16:f0:32,01:0c:cd:01:0c:02,0x3102,146,QUTZS_XFMR2PIOC/LLN0$GO$gcb_1,1100,QUTZS_XFMR2PIOC/LLN0$DS_XFMR,gcb_1,1729038540.52900,1,92,False,200,False,8,"[True, 0, False, 0, False, 0, True, 0]"
1729038625.708144,20:17:01:16:f0:23,01:0c:cd:01:0c:01,0x3101,146,QUTZS_XFMR1PIOC/LLN0$GO$gcb_1,1100,QUTZS_XFMR1PIOC/LLN0$DS_XFMR,gcb_1,1729038538.72400,1,94,False,200,False,8,"[False, 0, True, 0, False, 0, True, 0]"
1729038626.188461,20:17:01:16:f0:11,01:0c:cd:01:0c:03,0x3103,165,QUTZS_FDRPIOC/LLN0$GO$gcb_1,1100,QUTZS_FDRPIOC/LLN0$DS_FDR,gcb_1,1729038623.85500,5,7,False,200,False,14,"[False, 0, True, 0, False, 0, False, 0, False, 0, False, 0, False, 0]"
1729038626.554469,20:17:01:16:f0:32,01:0c:cd:01:0c:02,0x3102,146,QUTZS_XFMR2PIOC/LLN0$GO$gcb_1,1100,QUTZS_XFMR2PIOC/LLN0$DS_XFMR,gcb_1,1729038540.52900,1,93,False,200,False,8,"[True, 0, False, 0, False, 0, True, 0]"
1729038626.633736,20:17:01:16:f0:23,01:0c:cd:01:0c:01,0x3101,146,QUTZS_XFMR1PIOC/LLN0$GO$gcb_1,1100,QUTZS_XFMR1PIOC/LLN0$DS_XFMR,gcb_1,1729038538.72400,1,95,False,200,False,8,"[False, 0, True, 0, False, 0, True, 0]"
1729038627.134407,20:17:01:16:f0:11,01:0c:cd:01:0c:03,0x3103,165,QUTZS_FDRPIOC/LLN0$GO$gcb_1,1100,QUTZS_FDRPIOC/LLN0$DS_FDR,gcb_1,1729038623.85500,5,8,False,200,False,14,"[False, 0, True, 0, False, 0, False, 0, False, 0, False, 0, False, 0]"
1729038627.483537,20:17:01:16:f0:32,01:0c:cd:01:0c:02,0x3102,146,QUTZS_XFMR2PIOC/LLN0$GO$gcb_1,1100,QUTZS_XFMR2PIOC/LLN0$DS_XFMR,gcb_1,1729038540.52900,1,94,False,200,False,8,"[True, 0, False, 0, False, 0, True, 0]"
1729038627.554792,20:17:01:16:f0:23,01:0c:cd:01:0c:01,0x3101,146,QUTZS_XFMR1PIOC/LLN0$GO$gcb_1,1100,QUTZS_XFMR1PIOC/LLN0$DS_XFMR,gcb_1,1729038538.72400,1,96,False,200,False,8,"[False, 0, True, 0, False, 0, True, 0]"
1729038628.061503,20:17:01:16:f0:11,01:0c:cd:01:0c:03,0x3103,165,QUTZS_FDRPIOC/LLN0$GO$gcb_1,1100,QUTZS_FDRPIOC/LLN0$DS_FDR,gcb_1,1729038623.85500,5,9,False,200,False,14,"[False, 0, True, 0, False, 0, False, 0, False, 0, False, 0, False, 0]"
1729038628.410791,20:17:01:16:f0:32,01:0c:cd:01:0c:02,0x3102,146,QUTZS_XFMR2PIOC/LLN0$GO$gcb_1,1100,QUTZS_XFMR2PIOC/LLN0$DS_XFMR,gcb_1,1729038540.52900,1,95,False,200,False,8,"[True, 0, False, 0, False, 0, True, 0]"
1729038628.491391,20:17:01:16:f0:23,01:0c:cd:01:0c:01,0x3101,146,QUTZS_XFMR1PIOC/LLN0$GO$gcb_1,1100,QUTZS_XFMR1PIOC/LLN0$DS_XFMR,gcb_1,1729038538.72400,1,97,False,200,False,8,"[False, 0, True, 0, False, 0, True, 0]"
1729038628.997030,20:17:01:16:f0:11,01:0c:cd:01:0c:03,0x3103,165,QUTZS_FDRPIOC/LLN0$GO$gcb_1,1100,QUTZS_FDRPIOC/LLN0$DS_FDR,gcb_1,1729038623.85500,5,10,False,200,False,14,"[False, 0, True, 0, False, 0, False, 0, False, 0, False, 0, False, 0]"
1729038629.336377,20:17:01:16:f0:32,01:0c:cd:01:0c:02,0x3102,146,QUTZS_XFMR2PIOC/LLN0$GO$gcb_1,1100,QUTZS_XFMR2PIOC/LLN0$DS_XFMR,gcb_1,1729038540.52900,1,96,False,200,False,8,"[True, 0, False, 0, False, 0, True, 0]"
1729038629.417097,20:17:01:16:f0:23,01:0c:cd:01:0c:01,0x3101,146,QUTZS_XFMR1PIOC/LLN0$GO$gcb_1,1100,QUTZS_XFMR1PIOC/LLN0$DS_XFMR,gcb_1,1729038538.72400,1,98,False,200,False,8,"[False, 0, True, 0, False, 0, True, 0]"
1729038629.929094,20:17:01:16:f0:11,01:0c:cd:01:0c:03,0x3103,165,QUTZS_FDRPIOC/LLN0$GO$gcb_1,1100,QUTZS_FDRPIOC/LLN0$DS_FDR,gcb_1,1729038623.85500,5,11,False,200,False,14,"[False, 0, True, 0, False, 0, False, 0, False, 0, False, 0, False, 0]"
1729038630.269844,20:17:01:16:f0:32,01:0c:cd:01:0c:02,0x3102,146,QUTZS_XFMR2PIOC/LLN0$GO$gcb_1,1100,QUTZS_XFMR2PIOC/LLN0$DS_XFMR,gcb_1,1729038540.52900,1,97,False,200,False,8,"[True, 0, False, 0, False, 0, True, 0]"
1729038630.338502,20:17:01:16:f0:23,01:0c:cd:01:0c:01,0x3101,146,QUTZS_XFMR1PIOC/LLN0$GO$gcb_1,1100,QUTZS_XFMR1PIOC/LLN0$DS_XFMR,gcb_1,1729038538.72400,1,99,False,200,False,8,"[False, 0, True, 0, False, 0, True, 0]"
1729038630.848464,20:17:01:16:f0:11,01:0c:cd:01:0c:03,0x3103,165,QUTZS_FDRPIOC/LLN0$GO$gcb_1,1100,QUTZS_FDRPIOC/LLN0$DS_FDR,gcb_1,1729038623.85500,5,12,False,200,False,14,"[False, 0, True, 0, False, 0, False, 0, False, 0, False, 0, False, 0]"
1729038631.197475,20:17:01:16:f0:32,01:0c:cd:01:0c:02,0x3102,146,QUTZS_XFMR2PIOC/LLN0$GO$gcb_1,1100,QUTZS_XFMR2PIOC/LLN0$DS_XFMR,gcb_1,1729038540.52900,1,98,False,200,False,8,"[True, 0, False, 0, False, 0, True, 0]"
1729038631.261758,20:17:01:16:f0:23,01:0c:cd:01:0c:01,0x3101,146,QUTZS_XFMR1PIOC/LLN0$GO$gcb_1,1100,QUTZS_XFMR1PIOC/LLN0$DS_XFMR,gcb_1,1729038538.72400,1,100,False,200,False,8,"[False, 0, True, 0, False, 0, True, 0]"
1729038631.779762,20:17:01:16:f0:11,01:0c:cd:01:0c:03,0x3103,165,QUTZS_FDRPIOC/LLN0$GO$gcb_1,1100,QUTZS_FDRPIOC/LLN0$DS_FDR,gcb_1,1729038623.85500,5,13,False,200,False,14,"[False, 0, True, 0, False, 0, False, 0, False, 0, False, 0, False, 0]"
1729038632.124842,20:17:01:16:f0:32,01:0c:cd:01:0c:02,0x3102,146,QUTZS_XFMR2PIOC/LLN0$GO$gcb_1,1100,QUTZS_XFMR2PIOC/LLN0$DS_XFMR,gcb_1,1729038540.52900,1,99,False,200,False,8,"[True, 0, False, 0, False, 0, True, 0]"
1729038632.202356,20:17:01:16:f0:23,01:0c:cd:01:0c:01,0x3101,146,QUTZS_XFMR1PIOC/LLN0$GO$gcb_1,1100,QUTZS_XFMR1PIOC/LLN0$DS_XFMR,gcb_1,1729038538.72400,1,101,False,200,False,8,"[False, 0, True, 0, False, 0, True, 0]"
1729038632.707339,20:17:01:16:f0:11,01:0c:cd:01:0c:03,0x3103,165,QUTZS_FDRPIOC/LLN0$GO$gcb_1,1100,QUTZS_FDRPIOC/LLN0$DS_FDR,gcb_1,1729038623.85500,5,14,False,200,False,14,"[False, 0, True, 0, False, 0, False, 0, False, 0, False, 0, False, 0]"
1729038633.041211,20:17:01:16:f0:32,01:0c:cd:01:0c:02,0x3102,146,QUTZS_XFMR2PIOC/LLN0$GO$gcb_1,1100,QUTZS_XFMR2PIOC/LLN0$DS_XFMR,gcb_1,1729038540.52900,1,100,False,200,False,8,"[True, 0, False, 0, False, 0, True, 0]"
1729038633.123740,20:17:01:16:f0:23,01:0c:cd:01:0c:01,0x3101,146,QUTZS_XFMR1PIOC/LLN0$GO$gcb_1,1100,QUTZS_XFMR1PIOC/LLN0$DS_XFMR,gcb_1,1729038538.72400,1,102,False,200,False,8,"[False, 0, True, 0, False, 0, True, 0]"
1729038633.632672,20:17:01:16:f0:11,01:0c:cd:01:0c:03,0x3103,165,QUTZS_FDRPIOC/LLN0$GO$gcb_1,1100,QUTZS_FDRPIOC/LLN0$DS_FDR,gcb_1,1729038623.85500,5,15,False,200,False,14,"[False, 0, True, 0, False, 0, False, 0, False, 0, False, 0, False, 0]"
1729038633.968152,20:17:01:16:f0:32,01:0c:cd:01:0c:02,0x3102,146,QUTZS_XFMR2PIOC/LLN0$GO$gcb_1,1100,QUTZS_XFMR2PIOC/LLN0$DS_XFMR,gcb_1,1729038540.52900,1,101,False,200,False,8,"[True, 0, False, 0, False, 0, True, 0]"
1729038634.044640,20:17:01:16:f0:23,01:0c:cd:01:0c:01,0x3101,146,QUTZS_XFMR1PIOC/LLN0$GO$gcb_1,1100,QUTZS_XFMR1PIOC/LLN0$DS_XFMR,gcb_1,1729038538.72400,1,103,False,200,False,8,"[False, 0, True, 0, False, 0, True, 0]"
1729038634.563435,20:17:01:16:f0:11,01:0c:cd:01:0c:03,0x3103,165,QUTZS_FDRPIOC/LLN0$GO$gcb_1,1100,QUTZS_FDRPIOC/LLN0$DS_FDR,gcb_1,1729038623.85500,5,16,False,200,False,14,"[False, 0, True, 0, False, 0, False, 0, False, 0, False, 0, False, 0]"
1729038634.878241,20:17:01:16:f0:32,01:0c:cd:01:0c:02,0x3102,146,QUTZS_XFMR2PIOC/LLN0$GO$gcb_1,1100,QUTZS_XFMR2PIOC/LLN0$DS_XFMR,gcb_1,1729038540.52900,1,102,False,200,False,8,"[True, 0, False, 0, False, 0, True, 0]"
1729038634.970305,20:17:01:16:f0:23,01:0c:cd:01:0c:01,0x3101,146,QUTZS_XFMR1PIOC/LLN0$GO$gcb_1,1100,QUTZS_XFMR1PIOC/LLN0$DS_XFMR,gcb_1,1729038538.72400,1,104,False,200,False,8,"[False, 0, True, 0, False, 0, True, 0]"
1729038635.500934,20:17:01:16:f0:11,01:0c:cd:01:0c:03,0x3103,165,QUTZS_FDRPIOC/LLN0$GO$gcb_1,1100,QUTZS_FDRPIOC/LLN0$DS_FDR,gcb_1,1729038623.85500,5,17,False,200,False,14,"[False, 0, True, 0, False, 0, False, 0, False, 0, False, 0, False, 0]"
1729038635.815075,20:17:01:16:f0:32,01:0c:cd:01:0c:02,0x3102,146,QUTZS_XFMR2PIOC/LLN0$GO$gcb_1,1100,QUTZS_XFMR2PIOC/LLN0$DS_XFMR,gcb_1,1729038540.52900,1,103,False,200,False,8,"[True, 0, False, 0, False, 0, True, 0]"
1729038635.896391,20:17:01:16:f0:23,01:0c:cd:01:0c:01,0x3101,146,QUTZS_XFMR1PIOC/LLN0$GO$gcb_1,1100,QUTZS_XFMR1PIOC/LLN0$DS_XFMR,gcb_1,1729038538.72400,1,105,False,200,False,8,"[False, 0, True, 0, False, 0, True, 0]"
1729038636.431686,20:17:01:16:f0:11,01:0c:cd:01:0c:03,0x3103,165,QUTZS_FDRPIOC/LLN0$GO$gcb_1,1100,QUTZS_FDRPIOC/LLN0$DS_FDR,gcb_1,1729038623.85500,5,18,False,200,False,14,"[False, 0, True, 0, False, 0, False, 0, False, 0, False, 0, False, 0]"
1729038636.727501,20:17:01:16:f0:32,01:0c:cd:01:0c:02,0x3102,146,QUTZS_XFMR2PIOC/LLN0$GO$gcb_1,1100,QUTZS_XFMR2PIOC/LLN0$DS_XFMR,gcb_1,1729038540.52900,1,104,False,200,False,8,"[True, 0, False, 0, False, 0, True, 0]"
1729038636.826097,20:17:01:16:f0:23,01:0c:cd:01:0c:01,0x3101,146,QUTZS_XFMR1PIOC/LLN0$GO$gcb_1,1100,QUTZS_XFMR1PIOC/LLN0$DS_XFMR,gcb_1,1729038538.72400,1,106,False,200,False,8,"[False, 0, True, 0, False, 0, True, 0]"
1729038637.345718,20:17:01:16:f0:11,01:0c:cd:01:0c:03,0x3103,165,QUTZS_FDRPIOC/LLN0$GO$gcb_1,1100,QUTZS_FDRPIOC/LLN0$DS_FDR,gcb_1,1729038623.85500,5,19,False,200,False,14,"[False, 0, True, 0, False, 0, False, 0, False, 0, False, 0, False, 0]"
1729038637.639160,20:17:01:16:f0:32,01:0c:cd:01:0c:02,0x3102,146,QUTZS_XFMR2PIOC/LLN0$GO$gcb_1,1100,QUTZS_XFMR2PIOC/LLN0$DS_XFMR,gcb_1,1729038540.52900,1,105,False,200,False,8,"[True, 0, False, 0, False, 0, True, 0]"
1729038637.732303,20:17:01:16:f0:23,01:0c:cd:01:0c:01,0x3101,146,QUTZS_XFMR1PIOC/LLN0$GO$gcb_1,1100,QUTZS_XFMR1PIOC/LLN0$DS_XFMR,gcb_1,1729038538.72400,1,107,False,200,False,8,"[False, 0, True, 0, False, 0, True, 0]"
1729038638.293510,20:17:01:16:f0:11,01:0c:cd:01:0c:03,0x3103,165,QUTZS_FDRPIOC/LLN0$GO$gcb_1,1100,QUTZS_FDRPIOC/LLN0$DS_FDR,gcb_1,1729038623.85500,5,20,False,200,False,14,"[False, 0, True, 0, False, 0, False, 0, False, 0, False, 0, False, 0]"
1729038638.553621,20:17:01:16:f0:32,01:0c:cd:01:0c:02,0x3102,146,QUTZS_XFMR2PIOC/LLN0$GO$gcb_1,1100,QUTZS_XFMR2PIOC/LLN0$DS_XFMR,gcb_1,1729038540.52900,1,106,False,200,False,8,"[True, 0, False, 0, False, 0, True, 0]"
1729038638.672704,20:17:01:16:f0:23,01:0c:cd:01:0c:01,0x3101,146,QUTZS_XFMR1PIOC/LLN0$GO$gcb_1,1100,QUTZS_XFMR1PIOC/LLN0$DS_XFMR,gcb_1,1729038538.72400,1,108,False,200,False,8,"[False, 0, True, 0, False, 0, True, 0]"
1729038639.206635,20:17:01:16:f0:11,01:0c:cd:01:0c:03,0x3103,165,QUTZS_FDRPIOC/LLN0$GO$gcb_1,1100,QUTZS_FDRPIOC/LLN0$DS_FDR,gcb_1,1729038623.85500,5,21,False,200,False,14,"[False, 0, True, 0, False, 0, False, 0, False, 0, False, 0, False, 0]"
1729038639.487345,20:17:01:16:f0:32,01:0c:cd:01:0c:02,0x3102,146,QUTZS_XFMR2PIOC/LLN0$GO$gcb_1,1100,QUTZS_XFMR2PIOC/LLN0$DS_XFMR,gcb_1,1729038540.52900,1,107,False,200,False,8,"[True, 0, False, 0, False, 0, True, 0]"
1729038639.599585,20:17:01:16:f0:23,01:0c:cd:01:0c:01,0x3101,146,QUTZS_XFMR1PIOC/LLN0$GO$gcb_1,1100,QUTZS_XFMR1PIOC/LLN0$DS_XFMR,gcb_1,1729038538.72400,1,109,False,200,False,8,"[False, 0, True, 0, False, 0, True, 0]"
1729038640.131975,20:17:01:16:f0:11,01:0c:cd:01:0c:03,0x3103,165,QUTZS_FDRPIOC/LLN0$GO$gcb_1,1100,QUTZS_FDRPIOC/LLN0$DS_FDR,gcb_1,1729038623.85500,5,22,False,200,False,14,"[False, 0, True, 0, False, 0, False, 0, False, 0, False, 0, False, 0]"
1729038640.402012,20:17:01:16:f0:32,01:0c:cd:01:0c:02,0x3102,146,QUTZS_XFMR2PIOC/LLN0$GO$gcb_1,1100,QUTZS_XFMR2PIOC/LLN0$DS_XFMR,gcb_1,1729038540.52900,1,108,False,200,False,8,"[True, 0, False, 0, False, 0, True, 0]"
1729038640.525964,20:17:01:16:f0:23,01:0c:cd:01:0c:01,0x3101,146,QUTZS_XFMR1PIOC/LLN0$GO$gcb_1,1100,QUTZS_XFMR1PIOC/LLN0$DS_XFMR,gcb_1,1729038538.72400,1,110,False,200,False,8,"[False, 0, True, 0, False, 0, True, 0]"
1729038641.060896,20:17:01:16:f0:11,01:0c:cd:01:0c:03,0x3103,165,QUTZS_FDRPIOC/LLN0$GO$gcb_1,1100,QUTZS_FDRPIOC/LLN0$DS_FDR,gcb_1,1729038623.85500,5,23,False,200,False,14,"[False, 0, True, 0, False, 0, False, 0, False, 0, False, 0, False, 0]"
1729038641.330568,20:17:01:16:f0:32,01:0c:cd:01:0c:02,0x3102,146,QUTZS_XFMR2PIOC/LLN0$GO$gcb_1,1100,QUTZS_XFMR2PIOC/LLN0$DS_XFMR,gcb_1,1729038540.52900,1,109,False,200,False,8,"[True, 0, False, 0, False, 0, True, 0]"
1729038641.460702,20:17:01:16:f0:23,01:0c:cd:01:0c:01,0x3101,146,QUTZS_XFMR1PIOC/LLN0$GO$gcb_1,1100,QUTZS_XFMR1PIOC/LLN0$DS_XFMR,gcb_1,1729038538.72400,1,111,False,200,False,8,"[False, 0, True, 0, False, 0, True, 0]"
1729038641.992081,20:17:01:16:f0:11,01:0c:cd:01:0c:03,0x3103,165,QUTZS_FDRPIOC/LLN0$GO$gcb_1,1100,QUTZS_FDRPIOC/LLN0$DS_FDR,gcb_1,1729038623.85500,5,24,False,200,False,14,"[False, 0, True, 0, False, 0, False, 0, False, 0, False, 0, False, 0]"
1729038642.267836,20:17:01:16:f0:32,01:0c:cd:01:0c:02,0x3102,146,QUTZS_XFMR2PIOC/LLN0$GO$gcb_1,1100,QUTZS_XFMR2PIOC/LLN0$DS_XFMR,gcb_1,1729038540.52900,1,110,False,200,False,8,"[True, 0, False, 0, False, 0, True, 0]"
1729038642.368203,20:17:01:16:f0:23,01:0c:cd:01:0c:01,0x3101,146,QUTZS_XFMR1PIOC/LLN0$GO$gcb_1,1100,QUTZS_XFMR1PIOC/LLN0$DS_XFMR,gcb_1,1729038538.72400,1,112,False,200,False,8,"[False, 0, True, 0, False, 0, True, 0]"
1729038642.936979,20:17:01:16:f0:11,01:0c:cd:01:0c:03,0x3103,165,QUTZS_FDRPIOC/LLN0$GO$gcb_1,1100,QUTZS_FDRPIOC/LLN0$DS_FDR,gcb_1,1729038623.85500,5,25,False,200,False,14,"[False, 0, True, 0, False, 0, False, 0, False, 0, False, 0, False, 0]"
1729038643.172031,20:17:01:16:f0:32,01:0c:cd:01:0c:02,0x3102,146,QUTZS_XFMR2PIOC/LLN0$GO$gcb_1,1100,QUTZS_XFMR2PIOC/LLN0$DS_XFMR,gcb_1,1729038540.52900,1,111,False,200,False,8,"[True, 0, False, 0, False, 0, True, 0]"
1729038643.285673,20:17:01:16:f0:23,01:0c:cd:01:0c:01,0x3101,146,QUTZS_XFMR1PIOC/LLN0$GO$gcb_1,1100,QUTZS_XFMR1PIOC/LLN0$DS_XFMR,gcb_1,1729038538.72400,1,113,False,200,False,8,"[False, 0, True, 0, False, 0, True, 0]"
1729038643.859912,20:17:01:16:f0:11,01:0c:cd:01:0c:03,0x3103,165,QUTZS_FDRPIOC/LLN0$GO$gcb_1,1100,QUTZS_FDRPIOC/LLN0$DS_FDR,gcb_1,1729038623.85500,5,26,False,200,False,14,"[False, 0, True, 0, False, 0, False, 0, False, 0, False, 0, False, 0]"
1729038644.090858,20:17:01:16:f0:32,01:0c:cd:01:0c:02,0x3102,146,QUTZS_XFMR2PIOC/LLN0$GO$gcb_1,1100,QUTZS_XFMR2PIOC/LLN0$DS_XFMR,gcb_1,1729038540.52900,1,112,False,200,False,8,"[True, 0, False, 0, False, 0, True, 0]"
1729038644.207175,20:17:01:16:f0:23,01:0c:cd:01:0c:01,0x3101,146,QUTZS_XFMR1PIOC/LLN0$GO$gcb_1,1100,QUTZS_XFMR1PIOC/LLN0$DS_XFMR,gcb_1,1729038538.72400,1,114,False,200,False,8,"[False, 0, True, 0, False, 0, True, 0]"
1729038644.790741,20:17:01:16:f0:11,01:0c:cd:01:0c:03,0x3103,165,QUTZS_FDRPIOC/LLN0$GO$gcb_1,1100,QUTZS_FDRPIOC/LLN0$DS_FDR,gcb_1,1729038623.85500,5,27,False,200,False,14,"[False, 0, True, 0, False, 0, False, 0, False, 0, False, 0, False, 0]"
1729038645.014020,20:17:01:16:f0:32,01:0c:cd:01:0c:02,0x3102,146,QUTZS_XFMR2PIOC/LLN0$GO$gcb_1,1100,QUTZS_XFMR2PIOC/LLN0$DS_XFMR,gcb_1,1729038540.52900,1,113,False,200,False,8,"[True, 0, False, 0, False, 0, True, 0]"
1729038645.126504,20:17:01:16:f0:23,01:0c:cd:01:0c:01,0x3101,146,QUTZS_XFMR1PIOC/LLN0$GO$gcb_1,1100,QUTZS_XFMR1PIOC/LLN0$DS_XFMR,gcb_1,1729038538.72400,1,115,False,200,False,8,"[False, 0, True, 0, False, 0, True, 0]"
1729038645.740515,20:17:01:16:f0:11,01:0c:cd:01:0c:03,0x3103,165,QUTZS_FDRPIOC/LLN0$GO$gcb_1,1100,QUTZS_FDRPIOC/LLN0$DS_FDR,gcb_1,1729038623.85500,5,28,False,200,False,14,"[False, 0, True, 0, False, 0, False, 0, False, 0, False, 0, False, 0]"
1729038645.951712,20:17:01:16:f0:32,01:0c:cd:01:0c:02,0x3102,146,QUTZS_XFMR2PIOC/LLN0$GO$gcb_1,1100,QUTZS_XFMR2PIOC/LLN0$DS_XFMR,gcb_1,1729038540.52900,1,114,False,200,False,8,"[True, 0, False, 0, False, 0, True, 0]"
1729038646.056345,20:17:01:16:f0:23,01:0c:cd:01:0c:01,0x3101,146,QUTZS_XFMR1PIOC/LLN0$GO$gcb_1,1100,QUTZS_XFMR1PIOC/LLN0$DS_XFMR,gcb_1,1729038538.72400,1,116,False,200,False,8,"[False, 0, True, 0, False, 0, True, 0]"
1729038646.664650,20:17:01:16:f0:11,01:0c:cd:01:0c:03,0x3103,165,QUTZS_FDRPIOC/LLN0$GO$gcb_1,1100,QUTZS_FDRPIOC/LLN0$DS_FDR,gcb_1,1729038623.85500,5,29,False,200,False,14,"[False, 0, True, 0, False, 0, False, 0, False, 0, False, 0, False, 0]"
1729038646.865710,20:17:01:16:f0:32,01:0c:cd:01:0c:02,0x3102,146,QUTZS_XFMR2PIOC/LLN0$GO$gcb_1,1100,QUTZS_XFMR2PIOC/LLN0$DS_XFMR,gcb_1,1729038540.52900,1,115,False,200,False,8,"[True, 0, False, 0, False, 0, True, 0]"
1729038646.967900,20:17:01:16:f0:23,01:0c:cd:01:0c:01,0x3101,146,QUTZS_XFMR1PIOC/LLN0$GO$gcb_1,1100,QUTZS_XFMR1PIOC/LLN0$DS_XFMR,gcb_1,1729038538.72400,1,117,False,200,False,8,"[False, 0, True, 0, False, 0, True, 0]"
1729038647.582302,20:17:01:16:f0:11,01:0c:cd:01:0c:03,0x3103,165,QUTZS_FDRPIOC/LLN0$GO$gcb_1,1100,QUTZS_FDRPIOC/LLN0$DS_FDR,gcb_1,1729038623.85500,5,30,False,200,False,14,"[False, 0, True, 0, False, 0, False, 0, False, 0, False, 0, False, 0]"
1729038647.774147,20:17:01:16:f0:32,01:0c:cd:01:0c:02,0x3102,146,QUTZS_XFMR2PIOC/LLN0$GO$gcb_1,1100,QUTZS_XFMR2PIOC/LLN0$DS_XFMR,gcb_1,1729038540.52900,1,116,False,200,False,8,"[True, 0, False, 0, False, 0, True, 0]"
1729038647.873136,20:17:01:16:f0:23,01:0c:cd:01:0c:01,0x3101,146,QUTZS_XFMR1PIOC/LLN0$GO$gcb_1,1100,QUTZS_XFMR1PIOC/LLN0$DS_XFMR,gcb_1,1729038538.72400,1,118,False,200,False,8,"[False, 0, True, 0, False, 0, True, 0]"
1729038648.512832,20:17:01:16:f0:11,01:0c:cd:01:0c:03,0x3103,165,QUTZS_FDRPIOC/LLN0$GO$gcb_1,1100,QUTZS_FDRPIOC/LLN0$DS_FDR,gcb_1,1729038623.85500,5,31,False,200,False,14,"[False, 0, True, 0, False, 0, False, 0, False, 0, False, 0, False, 0]"
1729038648.701169,20:17:01:16:f0:32,01:0c:cd:01:0c:02,0x3102,146,QUTZS_XFMR2PIOC/LLN0$GO$gcb_1,1100,QUTZS_XFMR2PIOC/LLN0$DS_XFMR,gcb_1,1729038540.52900,1,117,False,200,False,8,"[True, 0, False, 0, False, 0, True, 0]"
1729038648.787397,20:17:01:16:f0:23,01:0c:cd:01:0c:01,0x3101,146,QUTZS_XFMR1PIOC/LLN0$GO$gcb_1,1100,QUTZS_XFMR1PIOC/LLN0$DS_XFMR,gcb_1,1729038538.72400,1,119,False,200,False,8,"[False, 0, True, 0, False, 0, True, 0]"
1729038649.444691,20:17:01:16:f0:11,01:0c:cd:01:0c:03,0x3103,165,QUTZS_FDRPIOC/LLN0$GO$gcb_1,1100,QUTZS_FDRPIOC/LLN0$DS_FDR,gcb_1,1729038623.85500,5,32,False,200,False,14,"[False, 0, True, 0, False, 0, False, 0, False, 0, False, 0, False, 0]"
1729038649.629981,20:17:01:16:f0:32,01:0c:cd:01:0c:02,0x3102,146,QUTZS_XFMR2PIOC/LLN0$GO$gcb_1,1100,QUTZS_XFMR2PIOC/LLN0$DS_XFMR,gcb_1,1729038540.52900,1,118,False,200,False,8,"[True, 0, False, 0, False, 0, True, 0]"
1729038649.713514,20:17:01:16:f0:23,01:0c:cd:01:0c:01,0x3101,146,QUTZS_XFMR1PIOC/LLN0$GO$gcb_1,1100,QUTZS_XFMR1PIOC/LLN0$DS_XFMR,gcb_1,1729038538.72400,1,120,False,200,False,8,"[False, 0, True, 0, False, 0, True, 0]"
1729038650.175097,20:17:01:16:f0:11,01:0c:cd:01:0c:03,0x3103,165,QUTZS_FDRPIOC/LLN0$GO$gcb_1,1100,QUTZS_FDRPIOC/LLN0$DS_FDR,gcb_1,1729038650.04200,6,0,False,200,False,14,"[False, 0, True, 0, False, 0, True, 0, False, 0, False, 0, False, 0]"
1729038650.180490,20:17:01:16:f0:11,01:0c:cd:01:0c:03,0x3103,165,QUTZS_FDRPIOC/LLN0$GO$gcb_1,1100,QUTZS_FDRPIOC/LLN0$DS_FDR,gcb_1,1729038650.04200,6,1,False,200,False,14,"[False, 0, True, 0, False, 0, True, 0, False, 0, False, 0, False, 0]"
1729038650.186983,20:17:01:16:f0:11,01:0c:cd:01:0c:03,0x3103,165,QUTZS_FDRPIOC/LLN0$GO$gcb_1,1100,QUTZS_FDRPIOC/LLN0$DS_FDR,gcb_1,1729038650.04200,6,2,False,200,False,14,"[False, 0, True, 0, False, 0, True, 0, False, 0, False, 0, False, 0]"
1729038650.203204,20:17:01:16:f0:11,01:0c:cd:01:0c:03,0x3103,165,QUTZS_FDRPIOC/LLN0$GO$gcb_1,1100,QUTZS_FDRPIOC/LLN0$DS_FDR,gcb_1,1729038650.04200,6,3,False,200,False,14,"[False, 0, True, 0, False, 0, True, 0, False, 0, False, 0, False, 0]"
1729038650.267343,20:17:01:16:f0:11,01:0c:cd:01:0c:03,0x3103,165,QUTZS_FDRPIOC/LLN0$GO$gcb_1,1100,QUTZS_FDRPIOC/LLN0$DS_FDR,gcb_1,1729038650.04200,6,4,False,200,False,14,"[False, 0, True, 0, False, 0, True, 0, False, 0, False, 0, False, 0]"
1729038650.525570,20:17:01:16:f0:11,01:0c:cd:01:0c:03,0x3103,165,QUTZS_FDRPIOC/LLN0$GO$gcb_1,1100,QUTZS_FDRPIOC/LLN0$DS_FDR,gcb_1,1729038650.04200,6,5,False,200,False,14,"[False, 0, True, 0, False, 0, True, 0, False, 0, False, 0, False, 0]"
1729038650.555897,20:17:01:16:f0:32,01:0c:cd:01:0c:02,0x3102,146,QUTZS_XFMR2PIOC/LLN0$GO$gcb_1,1100,QUTZS_XFMR2PIOC/LLN0$DS_XFMR,gcb_1,1729038540.52900,1,119,False,200,False,8,"[True, 0, False, 0, False, 0, True, 0]"
1729038650.621986,20:17:01:16:f0:23,01:0c:cd:01:0c:01,0x3101,146,QUTZS_XFMR1PIOC/LLN0$GO$gcb_1,1100,QUTZS_XFMR1PIOC/LLN0$DS_XFMR,gcb_1,1729038538.72400,1,121,False,200,False,8,"[False, 0, True, 0, False, 0, True, 0]"
1729038651.459472,20:17:01:16:f0:11,01:0c:cd:01:0c:03,0x3103,165,QUTZS_FDRPIOC/LLN0$GO$gcb_1,1100,QUTZS_FDRPIOC/LLN0$DS_FDR,gcb_1,1729038650.04200,6,6,False,200,False,14,"[False, 0, True, 0, False, 0, True, 0, False, 0, False, 0, False, 0]"
1729038651.482027,20:17:01:16:f0:32,01:0c:cd:01:0c:02,0x3102,146,QUTZS_XFMR2PIOC/LLN0$GO$gcb_1,1100,QUTZS_XFMR2PIOC/LLN0$DS_XFMR,gcb_1,1729038540.52900,1,120,False,200,False,8,"[True, 0, False, 0, False, 0, True, 0]"
1729038651.542846,20:17:01:16:f0:23,01:0c:cd:01:0c:01,0x3101,146,QUTZS_XFMR1PIOC/LLN0$GO$gcb_1,1100,QUTZS_XFMR1PIOC/LLN0$DS_XFMR,gcb_1,1729038538.72400,1,122,False,200,False,8,"[False, 0, True, 0, False, 0, True, 0]"
1729038652.384499,20:17:01:16:f0:11,01:0c:cd:01:0c:03,0x3103,165,QUTZS_FDRPIOC/LLN0$GO$gcb_1,1100,QUTZS_FDRPIOC/LLN0$DS_FDR,gcb_1,1729038650.04200,6,7,False,200,False,14,"[False, 0, True, 0, False, 0, True, 0, False, 0, False, 0, False, 0]"
1729038652.416948,20:17:01:16:f0:32,01:0c:cd:01:0c:02,0x3102,146,QUTZS_XFMR2PIOC/LLN0$GO$gcb_1,1100,QUTZS_XFMR2PIOC/LLN0$DS_XFMR,gcb_1,1729038540.52900,1,121,False,200,False,8,"[True, 0, False, 0, False, 0, True, 0]"
1729038652.477312,20:17:01:16:f0:23,01:0c:cd:01:0c:01,0x3101,146,QUTZS_XFMR1PIOC/LLN0$GO$gcb_1,1100,QUTZS_XFMR1PIOC/LLN0$DS_XFMR,gcb_1,1729038538.72400,1,123,False,200,False,8,"[False, 0, True, 0, False, 0, True, 0]"
1729038653.321206,20:17:01:16:f0:11,01:0c:cd:01:0c:03,0x3103,165,QUTZS_FDRPIOC/LLN0$GO$gcb_1,1100,QUTZS_FDRPIOC/LLN0$DS_FDR,gcb_1,1729038650.04200,6,8,False,200,False,14,"[False, 0, True, 0, False, 0, True, 0, False, 0, False, 0, False, 0]"
1729038653.345519,20:17:01:16:f0:32,01:0c:cd:01:0c:02,0x3102,146,QUTZS_XFMR2PIOC/LLN0$GO$gcb_1,1100,QUTZS_XFMR2PIOC/LLN0$DS_XFMR,gcb_1,1729038540.52900,1,122,False,200,False,8,"[True, 0, False, 0, False, 0, True, 0]"
1729038653.414779,20:17:01:16:f0:23,01:0c:cd:01:0c:01,0x3101,146,QUTZS_XFMR1PIOC/LLN0$GO$gcb_1,1100,QUTZS_XFMR1PIOC/LLN0$DS_XFMR,gcb_1,1729038538.72400,1,124,False,200,False,8,"[False, 0, True, 0, False, 0, True, 0]"
1729038654.258668,20:17:01:16:f0:11,01:0c:cd:01:0c:03,0x3103,165,QUTZS_FDRPIOC/LLN0$GO$gcb_1,1100,QUTZS_FDRPIOC/LLN0$DS_FDR,gcb_1,1729038650.04200,6,9,False,200,False,14,"[False, 0, True, 0, False, 0, True, 0, False, 0, False, 0, False, 0]"
1729038654.277377,20:17:01:16:f0:32,01:0c:cd:01:0c:02,0x3102,146,QUTZS_XFMR2PIOC/LLN0$GO$gcb_1,1100,QUTZS_XFMR2PIOC/LLN0$DS_XFMR,gcb_1,1729038540.52900,1,123,False,200,False,8,"[True, 0, False, 0, False, 0, True, 0]"
1729038654.334229,20:17:01:16:f0:23,01:0c:cd:01:0c:01,0x3101,146,QUTZS_XFMR1PIOC/LLN0$GO$gcb_1,1100,QUTZS_XFMR1PIOC/LLN0$DS_XFMR,gcb_1,1729038538.72400,1,125,False,200,False,8,"[False, 0, True, 0, False, 0, True, 0]"
1729038655.196785,20:17:01:16:f0:11,01:0c:cd:01:0c:03,0x3103,165,QUTZS_FDRPIOC/LLN0$GO$gcb_1,1100,QUTZS_FDRPIOC/LLN0$DS_FDR,gcb_1,1729038650.04200,6,10,False,200,False,14,"[False, 0, True, 0, False, 0, True, 0, False, 0, False, 0, False, 0]"
1729038655.197204,20:17:01:16:f0:32,01:0c:cd:01:0c:02,0x3102,146,QUTZS_XFMR2PIOC/LLN0$GO$gcb_1,1100,QUTZS_XFMR2PIOC/LLN0$DS_XFMR,gcb_1,1729038540.52900,1,124,False,200,False,8,"[True, 0, False, 0, False, 0, True, 0]"
1729038655.247399,20:17:01:16:f0:23,01:0c:cd:01:0c:01,0x3101,146,QUTZS_XFMR1PIOC/LLN0$GO$gcb_1,1100,QUTZS_XFMR1PIOC/LLN0$DS_XFMR,gcb_1,1729038538.72400,1,126,False,200,False,8,"[False, 0, True, 0, False, 0, True, 0]"
1729038656.113593,20:17:01:16:f0:11,01:0c:cd:01:0c:03,0x3103,165,QUTZS_FDRPIOC/LLN0$GO$gcb_1,1100,QUTZS_FDRPIOC/LLN0$DS_FDR,gcb_1,1729038650.04200,6,11,False,200,False,14,"[False, 0, True, 0, False, 0, True, 0, False, 0, False, 0, False, 0]"
1729038656.124147,20:17:01:16:f0:32,01:0c:cd:01:0c:02,0x3102,146,QUTZS_XFMR2PIOC/LLN0$GO$gcb_1,1100,QUTZS_XFMR2PIOC/LLN0$DS_XFMR,gcb_1,1729038540.52900,1,125,False,200,False,8,"[True, 0, False, 0, False, 0, True, 0]"
1729038656.172117,20:17:01:16:f0:23,01:0c:cd:01:0c:01,0x3101,146,QUTZS_XFMR1PIOC/LLN0$GO$gcb_1,1100,QUTZS_XFMR1PIOC/LLN0$DS_XFMR,gcb_1,1729038538.72400,1,127,False,200,False,8,"[False, 0, True, 0, False, 0, True, 0]"
1729038657.046386,20:17:01:16:f0:11,01:0c:cd:01:0c:03,0x3103,165,QUTZS_FDRPIOC/LLN0$GO$gcb_1,1100,QUTZS_FDRPIOC/LLN0$DS_FDR,gcb_1,1729038650.04200,6,12,False,200,False,14,"[False, 0, True, 0, False, 0, True, 0, False, 0, False, 0, False, 0]"
1729038657.056952,20:17:01:16:f0:32,01:0c:cd:01:0c:02,0x3102,146,QUTZS_XFMR2PIOC/LLN0$GO$gcb_1,1100,QUTZS_XFMR2PIOC/LLN0$DS_XFMR,gcb_1,1729038540.52900,1,126,False,200,False,8,"[True, 0, False, 0, False, 0, True, 0]"
1729038657.096546,20:17:01:16:f0:23,01:0c:cd:01:0c:01,0x3101,147,QUTZS_XFMR1PIOC/LLN0$GO$gcb_1,1100,QUTZS_XFMR1PIOC/LLN0$DS_XFMR,gcb_1,1729038538.72400,1,128,False,200,False,8,"[False, 0, True, 0, False, 0, True, 0]"
1729038657.968245,20:17:01:16:f0:11,01:0c:cd:01:0c:03,0x3103,165,QUTZS_FDRPIOC/LLN0$GO$gcb_1,1100,QUTZS_FDRPIOC/LLN0$DS_FDR,gcb_1,1729038650.04200,6,13,False,200,False,14,"[False, 0, True, 0, False, 0, True, 0, False, 0, False, 0, False, 0]"
1729038657.974341,20:17:01:16:f0:32,01:0c:cd:01:0c:02,0x3102,146,QUTZS_XFMR2PIOC/LLN0$GO$gcb_1,1100,QUTZS_XFMR2PIOC/LLN0$DS_XFMR,gcb_1,1729038540.52900,1,127,False,200,False,8,"[True, 0, False, 0, False, 0, True, 0]"
1729038658.018714,20:17:01:16:f0:23,01:0c:cd:01:0c:01,0x3101,147,QUTZS_XFMR1PIOC/LLN0$GO$gcb_1,1100,QUTZS_XFMR1PIOC/LLN0$DS_XFMR,gcb_1,1729038538.72400,1,129,False,200,False,8,"[False, 0, True, 0, False, 0, True, 0]"
1729038658.886829,20:17:01:16:f0:32,01:0c:cd:01:0c:02,0x3102,147,QUTZS_XFMR2PIOC/LLN0$GO$gcb_1,1100,QUTZS_XFMR2PIOC/LLN0$DS_XFMR,gcb_1,1729038540.52900,1,128,False,200,False,8,"[True, 0, False, 0, False, 0, True, 0]"
1729038658.892848,20:17:01:16:f0:11,01:0c:cd:01:0c:03,0x3103,165,QUTZS_FDRPIOC/LLN0$GO$gcb_1,1100,QUTZS_FDRPIOC/LLN0$DS_FDR,gcb_1,1729038650.04200,6,14,False,200,False,14,"[False, 0, True, 0, False, 0, True, 0, False, 0, False, 0, False, 0]"
1729038658.937392,20:17:01:16:f0:23,01:0c:cd:01:0c:01,0x3101,147,QUTZS_XFMR1PIOC/LLN0$GO$gcb_1,1100,QUTZS_XFMR1PIOC/LLN0$DS_XFMR,gcb_1,1729038538.72400,1,130,False,200,False,8,"[False, 0, True, 0, False, 0, True, 0]"
1729038659.801164,20:17:01:16:f0:32,01:0c:cd:01:0c:02,0x3102,147,QUTZS_XFMR2PIOC/LLN0$GO$gcb_1,1100,QUTZS_XFMR2PIOC/LLN0$DS_XFMR,gcb_1,1729038540.52900,1,129,False,200,False,8,"[True, 0, False, 0, False, 0, True, 0]"
1729038659.825768,20:17:01:16:f0:11,01:0c:cd:01:0c:03,0x3103,165,QUTZS_FDRPIOC/LLN0$GO$gcb_1,1100,QUTZS_FDRPIOC/LLN0$DS_FDR,gcb_1,1729038650.04200,6,15,False,200,False,14,"[False, 0, True, 0, False, 0, True, 0, False, 0, False, 0, False, 0]"
1729038659.849620,20:17:01:16:f0:23,01:0c:cd:01:0c:01,0x3101,147,QUTZS_XFMR1PIOC/LLN0$GO$gcb_1,1100,QUTZS_XFMR1PIOC/LLN0$DS_XFMR,gcb_1,1729038538.72400,1,131,False,200,False,8,"[False, 0, True, 0, False, 0, True, 0]"
1729038660.732501,20:17:01:16:f0:32,01:0c:cd:01:0c:02,0x3102,147,QUTZS_XFMR2PIOC/LLN0$GO$gcb_1,1100,QUTZS_XFMR2PIOC/LLN0$DS_XFMR,gcb_1,1729038540.52900,1,130,False,200,False,8,"[True, 0, False, 0, False, 0, True, 0]"
1729038660.744222,20:17:01:16:f0:11,01:0c:cd:01:0c:03,0x3103,165,QUTZS_FDRPIOC/LLN0$GO$gcb_1,1100,QUTZS_FDRPIOC/LLN0$DS_FDR,gcb_1,1729038650.04200,6,16,False,200,False,14,"[False, 0, True, 0, False, 0, True, 0, False, 0, False, 0, False, 0]"
1729038660.769273,20:17:01:16:f0:23,01:0c:cd:01:0c:01,0x3101,147,QUTZS_XFMR1PIOC/LLN0$GO$gcb_1,1100,QUTZS_XFMR1PIOC/LLN0$DS_XFMR,gcb_1,1729038538.72400,1,132,False,200,False,8,"[False, 0, True, 0, False, 0, True, 0]"
1729038661.665899,20:17:01:16:f0:32,01:0c:cd:01:0c:02,0x3102,147,QUTZS_XFMR2PIOC/LLN0$GO$gcb_1,1100,QUTZS_XFMR2PIOC/LLN0$DS_XFMR,gcb_1,1729038540.52900,1,131,False,200,False,8,"[True, 0, False, 0, False, 0, True, 0]"
1729038661.668507,20:17:01:16:f0:11,01:0c:cd:01:0c:03,0x3103,165,QUTZS_FDRPIOC/LLN0$GO$gcb_1,1100,QUTZS_FDRPIOC/LLN0$DS_FDR,gcb_1,1729038650.04200,6,17,False,200,False,14,"[False, 0, True, 0, False, 0, True, 0, False, 0, False, 0, False, 0]"
1729038661.697365,20:17:01:16:f0:23,01:0c:cd:01:0c:01,0x3101,147,QUTZS_XFMR1PIOC/LLN0$GO$gcb_1,1100,QUTZS_XFMR1PIOC/LLN0$DS_XFMR,gcb_1,1729038538.72400,1,133,False,200,False,8,"[False, 0, True, 0, False, 0, True, 0]"
1729038662.579620,20:17:01:16:f0:32,01:0c:cd:01:0c:02,0x3102,147,QUTZS_XFMR2PIOC/LLN0$GO$gcb_1,1100,QUTZS_XFMR2PIOC/LLN0$DS_XFMR,gcb_1,1729038540.52900,1,132,False,200,False,8,"[True, 0, False, 0, False, 0, True, 0]"
1729038662.598367,20:17:01:16:f0:11,01:0c:cd:01:0c:03,0x3103,165,QUTZS_FDRPIOC/LLN0$GO$gcb_1,1100,QUTZS_FDRPIOC/LLN0$DS_FDR,gcb_1,1729038650.04200,6,18,False,200,False,14,"[False, 0, True, 0, False, 0, True, 0, False, 0, False, 0, False, 0]"
1729038662.629726,20:17:01:16:f0:23,01:0c:cd:01:0c:01,0x3101,147,QUTZS_XFMR1PIOC/LLN0$GO$gcb_1,1100,QUTZS_XFMR1PIOC/LLN0$DS_XFMR,gcb_1,1729038538.72400,1,134,False,200,False,8,"[False, 0, True, 0, False, 0, True, 0]"
1729038663.502274,20:17:01:16:f0:32,01:0c:cd:01:0c:02,0x3102,147,QUTZS_XFMR2PIOC/LLN0$GO$gcb_1,1100,QUTZS_XFMR2PIOC/LLN0$DS_XFMR,gcb_1,1729038540.52900,1,133,False,200,False,8,"[True, 0, False, 0, False, 0, True, 0]"
1729038663.515214,20:17:01:16:f0:11,01:0c:cd:01:0c:03,0x3103,165,QUTZS_FDRPIOC/LLN0$GO$gcb_1,1100,QUTZS_FDRPIOC/LLN0$DS_FDR,gcb_1,1729038650.04200,6,19,False,200,False,14,"[False, 0, True, 0, False, 0, True, 0, False, 0, False, 0, False, 0]"
1729038663.559836,20:17:01:16:f0:23,01:0c:cd:01:0c:01,0x3101,147,QUTZS_XFMR1PIOC/LLN0$GO$gcb_1,1100,QUTZS_XFMR1PIOC/LLN0$DS_XFMR,gcb_1,1729038538.72400,1,135,False,200,False,8,"[False, 0, True, 0, False, 0, True, 0]"
1729038664.424850,20:17:01:16:f0:32,01:0c:cd:01:0c:02,0x3102,147,QUTZS_XFMR2PIOC/LLN0$GO$gcb_1,1100,QUTZS_XFMR2PIOC/LLN0$DS_XFMR,gcb_1,1729038540.52900,1,134,False,200,False,8,"[True, 0, False, 0, False, 0, True, 0]"
1729038664.449018,20:17:01:16:f0:11,01:0c:cd:01:0c:03,0x3103,165,QUTZS_FDRPIOC/LLN0$GO$gcb_1,1100,QUTZS_FDRPIOC/LLN0$DS_FDR,gcb_1,1729038650.04200,6,20,False,200,False,14,"[False, 0, True, 0, False, 0, True, 0, False, 0, False, 0, False, 0]"
1729038664.474405,20:17:01:16:f0:23,01:0c:cd:01:0c:01,0x3101,147,QUTZS_XFMR1PIOC/LLN0$GO$gcb_1,1100,QUTZS_XFMR1PIOC/LLN0$DS_XFMR,gcb_1,1729038538.72400,1,136,False,200,False,8,"[False, 0, True, 0, False, 0, True, 0]"
